No, Winow 
6, 64240
7, 64240
9, 64240
10, 64240
11, 64240
13, 64240
14, 64240
15, 64240
17, 64240
18, 64240
19, 64240
21, 64240
22, 64240
23, 64240
24, 64240
25, 64240
27, 64240
28, 64240
29, 64240
30, 64240
31, 64240
32, 64240
33, 64240
34, 64240
36, 64240
37, 64240
38, 64240
39, 64240
40, 64240
41, 64240
43, 64240
44, 64240
45, 64240
46, 64240
47, 64240
48, 64240
49, 64240
50, 64240
52, 64240
53, 64240
54, 64240
55, 64240
56, 64240
57, 64240
58, 64240
59, 64240
60, 64240
62, 64240
63, 64240
64, 64240
65, 64240
67, 64240
68, 64240
69, 64240
70, 64240
71, 64240
72, 64240
73, 64240
74, 64240
76, 64240
77, 64240
78, 64240
79, 64240
80, 64240
81, 64240
82, 64240
83, 64240
84, 64240
86, 64240
87, 64240
88, 64240
89, 64240
91, 64240
92, 64240
93, 64240
94, 64240
95, 64240
96, 64240
97, 64240
98, 64240
99, 64240
101, 64240
102, 64240
103, 64240
104, 64240
105, 64240
106, 64240
107, 64240
108, 64240
110, 64240
111, 64240
112, 64240
113, 64240
115, 64240
116, 64240
117, 64240
118, 64240
119, 64240
120, 64240
121, 64240
122, 64240
123, 64240
125, 64240
126, 64240
127, 64240
128, 64240
130, 64240
131, 64240
132, 64240
133, 64240
134, 64240
135, 64240
136, 64240
137, 64240
139, 64240
140, 64240
141, 64240
142, 64240
143, 64240
144, 64240
145, 64240
146, 64240
147, 64240
149, 64240
150, 64240
151, 64240
152, 64240
153, 64240
154, 64240
155, 64240
156, 64240
157, 64240
158, 64240
160, 64240
161, 64240
163, 64240
164, 64240
165, 64240
166, 64240
167, 64240
168, 64240
169, 64240
170, 64240
171, 64240
173, 64240
174, 64240
175, 64240
176, 64240
177, 64240
178, 64240
179, 64240
180, 64240
181, 64240
182, 64240
184, 64240
185, 64240
187, 64240
188, 64240
189, 64240
190, 64240
191, 64240
192, 64240
193, 64240
194, 64240
195, 64240
196, 64240
198, 64240
199, 64240
200, 64240
201, 64240
202, 64240
203, 64240
204, 64240
205, 64240
206, 64240
207, 64240
208, 64240
210, 64240
211, 64240
212, 64240
213, 64240
214, 64240
215, 64240
216, 64240
217, 64240
218, 64240
219, 64240
221, 64240
222, 64240
223, 64240
224, 64240
225, 64240
226, 64240
227, 64240
228, 64240
229, 64240
230, 64240
232, 64240
234, 64240
235, 64240
236, 64240
237, 64240
238, 64240
239, 64240
240, 64240
241, 64240
242, 64240
243, 64240
245, 64240
246, 64240
247, 64240
248, 64240
249, 64240
250, 64240
251, 64240
252, 64240
253, 64240
254, 64240
256, 64240
258, 64240
259, 64240
260, 64240
261, 64240
262, 64240
263, 64240
264, 64240
265, 64240
266, 64240
267, 64240
268, 64240
270, 64240
271, 64240
272, 64240
273, 64240
274, 64240
275, 64240
276, 64240
277, 64240
278, 64240
279, 64240
281, 64240
282, 64240
283, 64240
284, 64240
285, 64240
286, 64240
287, 64240
288, 64240
289, 64240
290, 64240
291, 64240
293, 64240
294, 64240
295, 64240
296, 64240
297, 64240
298, 64240
299, 64240
300, 64240
301, 64240
302, 64240
304, 64240
305, 64240
306, 64240
307, 64240
308, 64240
309, 64240
310, 64240
311, 64240
312, 64240
313, 64240
314, 64240
316, 64240
317, 64240
318, 64240
319, 64240
320, 64240
321, 64240
322, 64240
323, 64240
324, 64240
325, 64240
327, 64240
328, 64240
329, 64240
330, 64240
331, 64240
332, 64240
333, 64240
334, 64240
335, 64240
336, 64240
337, 64240
338, 64240
340, 64240
341, 64240
342, 64240
343, 64240
344, 64240
345, 64240
346, 62780
347, 61320
348, 59860
350, 58400
351, 56940
352, 55480
353, 54020
354, 52560
355, 51100
356, 49640
357, 48180
358, 46720
359, 45260
360, 43800
361, 42340
362, 40880
363, 39420
364, 37960
365, 36500
366, 35040
367, 33580
368, 32120
369, 30660
370, 29200
371, 27740
372, 26280
373, 24820
374, 23360
376, 21900
377, 20440
378, 18980
379, 17520
380, 16060
381, 14600
382, 13140
383, 11680
384, 10220
385, 8760
386, 7300
387, 5840
388, 4380
389, 2920
390, 1460
391, 0
392, 64240
396, 64240
398, 64240
399, 64240
400, 64240
401, 64240
402, 64240
403, 64240
404, 64240
405, 64240
406, 64240
407, 64240
408, 64240
409, 62780
410, 61320
412, 59860
413, 58400
414, 56940
415, 55480
416, 54020
417, 52560
418, 51100
419, 49640
420, 48180
421, 46720
422, 45260
423, 43800
424, 42340
425, 40880
426, 39420
427, 37960
428, 36500
429, 35040
431, 33580
432, 32120
433, 30660
434, 29200
435, 27740
436, 26280
437, 24820
438, 23360
439, 21900
440, 20440
441, 18980
442, 17520
443, 16060
444, 14600
445, 13140
446, 11680
447, 10220
448, 8760
449, 7300
450, 5840
451, 4380
452, 2920
453, 1460
454, 0
457, 0
458, 59860
461, 58400
462, 56940
464, 55480
465, 54020
466, 52560
468, 51100
469, 49640
470, 48180
472, 46720
473, 45260
474, 43800
476, 42340
477, 40880
479, 39420
480, 37960
481, 36500
482, 64240
483, 64240
485, 64240
486, 64240
487, 64240
488, 64240
489, 64240
490, 64240
491, 64240
492, 64240
493, 64240
494, 64240
496, 64240
497, 64240
499, 64240
500, 64240
501, 64240
502, 64240
503, 64240
504, 64240
505, 64240
506, 64240
507, 64240
508, 64240
510, 64240
511, 64240
513, 64240
514, 64240
515, 64240
516, 64240
517, 64240
518, 64240
519, 64240
520, 64240
521, 64240
522, 64240
523, 64240
525, 64240
526, 64240
527, 62780
528, 61320
529, 59860
530, 58400
531, 56940
532, 55480
534, 54020
535, 52560
536, 51100
537, 49640
538, 48180
539, 46720
540, 45260
541, 43800
542, 42340
543, 40880
544, 39420
545, 37960
546, 36500
547, 35040
548, 33580
549, 32120
550, 30660
551, 29200
552, 27740
553, 26280
554, 24820
555, 23360
556, 21900
557, 20440
558, 18980
559, 17520
561, 16060
562, 14600
563, 13140
564, 11680
565, 10220
566, 8760
567, 7300
568, 5840
569, 4380
570, 2920
571, 1460
572, 0
573, 20440
575, 18980
576, 17520
577, 16060
578, 14600
579, 13140
580, 11680
581, 10220
582, 8760
583, 7300
584, 5840
585, 4380
586, 2920
587, 1460
588, 16060
591, 14600
592, 13140
593, 11680
594, 10220
595, 8760
596, 7300
597, 5840
598, 4380
599, 2920
600, 1460
601, 0
604, 0
605, 35040
608, 33580
610, 32120
612, 30660
614, 29200
615, 27740
617, 26280
618, 24820
619, 23360
620, 21900
621, 20440
622, 18980
623, 17520
625, 16060
626, 14600
627, 13140
628, 11680
629, 10220
630, 8760
631, 7300
632, 5840
633, 4380
634, 2920
635, 1460
636, 0
637, 56940
640, 55480
641, 54020
642, 52560
643, 51100
645, 49640
646, 48180
647, 46720
648, 45260
649, 43800
650, 42340
651, 40880
652, 39420
653, 37960
654, 36500
655, 35040
656, 33580
657, 64240
659, 64240
661, 64240
662, 64240
663, 64240
664, 64240
665, 64240
666, 64240
667, 62780
668, 61320
670, 59860
671, 58400
672, 56940
673, 55480
674, 64240
675, 64240
677, 64240
678, 64240
679, 64240
680, 64240
681, 64240
682, 64240
683, 64240
684, 64240
685, 64240
687, 64240
688, 64240
689, 64240
690, 64240
691, 64240
692, 64240
693, 64240
695, 64240
696, 64240
697, 64240
698, 64240
699, 64240
700, 64240
701, 64240
702, 62780
703, 61320
704, 59860
705, 58400
706, 56940
708, 55480
709, 54020
710, 52560
711, 51100
712, 49640
713, 48180
714, 46720
715, 45260
716, 64240
718, 64240
720, 64240
721, 64240
722, 64240
723, 64240
724, 64240
725, 64240
726, 64240
727, 64240
728, 64240
729, 64240
730, 64240
731, 64240
732, 64240
734, 64240
735, 64240
736, 64240
737, 64240
738, 64240
739, 64240
740, 64240
741, 64240
743, 64240
744, 64240
745, 64240
746, 64240
747, 64240
748, 64240
749, 64240
750, 64240
751, 64240
752, 64240
753, 64240
754, 64240
756, 64240
757, 64240
758, 64240
759, 64240
760, 64240
761, 64240
762, 64240
763, 64240
764, 64240
766, 64240
767, 64240
768, 64240
769, 64240
770, 64240
771, 64240
772, 64240
773, 64240
774, 64240
775, 64240
776, 64240
777, 64240
778, 64240
780, 64240
781, 64240
782, 64240
783, 64240
784, 64240
785, 64240
786, 64240
787, 64240
789, 64240
790, 64240
791, 64240
792, 64240
793, 64240
794, 64240
795, 64240
796, 64240
797, 64240
798, 64240
799, 64240
800, 64240
801, 64240
803, 64240
804, 64240
805, 64240
806, 64240
807, 64240
808, 64240
809, 64240
810, 64240
812, 64240
813, 64240
814, 64240
815, 64240
816, 64240
817, 64240
818, 64240
819, 64240
820, 64240
821, 64240
822, 64240
823, 64240
824, 64240
826, 64240
827, 64240
828, 64240
829, 64240
830, 64240
831, 64240
832, 64240
833, 64240
835, 64240
836, 64240
837, 64240
838, 64240
839, 64240
840, 64240
841, 64240
842, 64240
843, 64240
844, 64240
845, 64240
846, 64240
847, 64240
848, 64240
850, 64240
851, 64240
852, 64240
853, 64240
854, 64240
855, 64240
856, 64240
858, 64240
859, 64240
860, 64240
861, 64240
862, 64240
863, 64240
864, 64240
865, 64240
866, 64240
867, 64240
868, 64240
869, 64240
870, 64240
871, 64240
873, 64240
874, 64240
875, 64240
876, 64240
877, 64240
878, 64240
879, 64240
881, 64240
882, 64240
883, 64240
884, 64240
885, 64240
886, 64240
887, 64240
888, 64240
889, 64240
890, 64240
891, 64240
892, 64240
893, 64240
894, 64240
896, 64240
897, 64240
898, 64240
899, 64240
900, 64240
901, 64240
902, 64240
904, 64240
905, 64240
906, 64240
907, 64240
908, 64240
909, 64240
910, 64240
911, 64240
912, 64240
913, 64240
914, 64240
915, 64240
916, 64240
917, 64240
918, 64240
920, 64240
921, 64240
922, 64240
923, 64240
924, 64240
925, 64240
927, 64240
928, 64240
929, 64240
930, 64240
931, 64240
932, 64240
933, 64240
934, 64240
935, 64240
936, 64240
937, 64240
938, 64240
939, 64240
940, 64240
941, 64240
943, 64240
944, 64240
945, 64240
946, 64240
947, 64240
948, 64240
949, 64240
951, 64240
952, 64240
953, 64240
954, 64240
955, 64240
956, 64240
957, 64240
958, 64240
959, 64240
960, 64240
961, 64240
962, 64240
963, 64240
964, 64240
965, 64240
967, 64240
968, 64240
969, 64240
970, 64240
971, 64240
972, 64240
973, 64240
975, 64240
976, 64240
977, 64240
978, 64240
979, 64240
980, 64240
981, 64240
982, 64240
983, 64240
984, 64240
985, 64240
986, 64240
987, 64240
988, 64240
989, 64240
991, 64240
992, 64240
993, 62780
994, 61320
995, 59860
996, 58400
997, 56940
998, 55480
999, 54020
1000, 52560
1001, 51100
1002, 49640
1003, 48180
1004, 46720
1005, 45260
1006, 43800
1007, 42340
1008, 40880
1009, 39420
1010, 37960
1011, 36500
1012, 35040
1013, 33580
1014, 32120
1015, 30660
1016, 29200
1017, 27740
1018, 26280
1019, 24820
1020, 23360
1021, 21900
1022, 20440
1023, 18980
1025, 17520
1026, 16060
1027, 14600
1028, 13140
1029, 11680
1030, 10220
1031, 8760
1032, 7300
1033, 5840
1034, 4380
1035, 2920
1036, 1460
1037, 64240
1041, 64240
1042, 64240
1043, 64240
1044, 64240
1045, 64240
1046, 64240
1047, 64240
1048, 64240
1049, 64240
1050, 64240
1051, 64240
1052, 64240
1054, 64240
1055, 64240
1056, 64240
1057, 64240
1058, 64240
1059, 64240
1060, 64240
1061, 64240
1062, 64240
1064, 64240
1065, 64240
1066, 64240
1067, 64240
1068, 64240
1069, 64240
1070, 64240
1072, 64240
1073, 64240
1074, 64240
1075, 64240
1076, 64240
1077, 64240
1078, 64240
1079, 64240
1080, 64240
1081, 64240
1082, 64240
1083, 64240
1084, 64240
1085, 64240
1086, 64240
1088, 64240
1089, 64240
1090, 64240
1091, 64240
1092, 64240
1093, 64240
1094, 64240
1096, 64240
1097, 64240
1098, 64240
1099, 64240
1100, 64240
1101, 64240
1102, 64240
1103, 64240
1104, 64240
1105, 64240
1106, 64240
1107, 64240
1108, 64240
1109, 64240
1110, 64240
1112, 64240
1113, 64240
1114, 64240
1115, 62780
1116, 61320
1117, 59860
1118, 58400
1119, 56940
1120, 55480
1121, 54020
1122, 52560
1123, 51100
1124, 49640
1125, 48180
1126, 46720
1127, 45260
1128, 43800
1129, 42340
1130, 40880
1131, 39420
1132, 37960
1133, 36500
1134, 35040
1136, 33580
1137, 32120
1138, 30660
1139, 29200
1140, 27740
1141, 26280
1142, 24820
1143, 23360
1144, 21900
1145, 20440
1146, 18980
1147, 17520
1148, 16060
1149, 14600
1150, 13140
1151, 11680
1152, 10220
1153, 8760
1154, 7300
1155, 5840
1156, 4380
1157, 2920
1158, 1460
1159, 0
1160, 64240
1163, 64240
1166, 64240
1167, 64240
1168, 64240
1170, 64240
1171, 64240
1172, 64240
1173, 64240
1174, 64240
1175, 64240
1176, 64240
1177, 64240
1179, 64240
1180, 64240
1181, 64240
1182, 64240
1183, 64240
1184, 64240
1185, 64240
1186, 64240
1187, 64240
1188, 64240
1189, 64240
1190, 64240
1191, 64240
1192, 64240
1194, 64240
1195, 64240
1196, 64240
1197, 64240
1198, 64240
1199, 64240
1200, 64240
1201, 64240
1202, 64240
1203, 64240
1204, 64240
1205, 64240
1206, 64240
1207, 64240
1208, 64240
1210, 64240
1211, 64240
1212, 64240
1213, 64240
1214, 64240
1215, 64240
1216, 64240
1218, 64240
1219, 64240
1220, 64240
1221, 64240
1222, 64240
1223, 64240
1224, 64240
1225, 64240
1226, 64240
1227, 64240
1228, 64240
1229, 64240
1230, 64240
1231, 64240
1232, 64240
1234, 64240
1235, 64240
1236, 64240
1237, 64240
1238, 64240
1239, 64240
1240, 64240
1242, 64240
1243, 62780
1244, 61320
1245, 59860
1246, 58400
1247, 56940
1248, 55480
1249, 54020
1250, 52560
1251, 51100
1252, 49640
1253, 48180
1254, 46720
1255, 45260
1256, 43800
1257, 42340
1258, 40880
1259, 39420
1260, 37960
1261, 36500
1262, 35040
1263, 33580
1264, 32120
1265, 30660
1266, 29200
1267, 27740
1268, 26280
1269, 24820
1270, 23360
1272, 21900
1273, 20440
1274, 18980
1275, 17520
1276, 16060
1277, 14600
1278, 13140
1279, 11680
1280, 10220
1281, 8760
1282, 7300
1283, 5840
1284, 4380
1285, 2920
1286, 1460
1287, 55480
1290, 54020
1291, 52560
1292, 51100
1293, 49640
1294, 48180
1295, 46720
1296, 45260
1297, 43800
1298, 42340
1299, 40880
1300, 39420
1301, 37960
1302, 36500
1303, 35040
1304, 33580
1305, 32120
1306, 30660
1307, 29200
1308, 27740
1309, 26280
1310, 24820
1311, 23360
1312, 21900
1313, 20440
1314, 18980
1315, 17520
1316, 16060
1317, 14600
1318, 13140
1319, 11680
1320, 10220
1321, 8760
1322, 7300
1323, 5840
1324, 4380
1325, 2920
1326, 1460
1328, 0
1329, 0
1330, 48180
1333, 46720
1337, 45260
1338, 43800
1339, 42340
1340, 40880
1341, 39420
1342, 37960
1343, 36500
1344, 35040
1345, 33580
1346, 32120
1347, 30660
1348, 29200
1349, 27740
1350, 26280
1351, 24820
1352, 23360
1353, 21900
1354, 20440
1355, 18980
1356, 17520
1357, 16060
1358, 14600
1359, 13140
1360, 11680
1361, 10220
1362, 8760
1363, 7300
1364, 5840
1365, 4380
1366, 2920
1367, 1460
1368, 0
1369, 49640
1372, 48180
1373, 46720
1374, 45260
1375, 43800
1376, 42340
1377, 40880
1378, 39420
1379, 37960
1380, 36500
1381, 35040
1382, 33580
1383, 32120
1384, 30660
1385, 29200
1386, 27740
1387, 26280
1388, 24820
1389, 23360
1390, 21900
1391, 20440
1392, 18980
1393, 17520
1394, 16060
1395, 14600
1396, 13140
1397, 11680
1398, 10220
1399, 8760
1400, 7300
1401, 5840
1402, 4380
1403, 2920
1404, 1460
1405, 0
1408, 0
1410, 0
1411, 64240
1414, 64240
1416, 64240
1418, 64240
1420, 64240
1421, 64240
1423, 64240
1424, 64240
1426, 64240
1427, 64240
1429, 64240
1430, 64240
1431, 64240
1432, 64240
1433, 64240
1434, 64240
1435, 64240
1437, 64240
1438, 64240
1439, 64240
1441, 64240
1442, 64240
1443, 64240
1444, 64240
1446, 64240
1447, 64240
1448, 64240
1449, 64240
1450, 64240
1452, 64240
1453, 64240
1454, 64240
1455, 64240
1456, 62780
1457, 61320
1458, 59860
1460, 58400
1461, 56940
1462, 55480
1463, 54020
1464, 52560
1465, 51100
1466, 49640
1467, 48180
1469, 46720
1470, 45260
1471, 43800
1472, 42340
1473, 40880
1474, 39420
1476, 37960
1477, 36500
1478, 35040
1479, 33580
1480, 32120
1481, 30660
1482, 29200
1483, 27740
1484, 26280
1485, 24820
1486, 23360
1487, 21900
1489, 20440
1490, 18980
1491, 17520
1492, 16060
1493, 14600
1494, 13140
1495, 11680
1496, 10220
1497, 8760
1498, 7300
1499, 5840
1500, 4380
1501, 2920
1502, 1460
1503, 37960
1506, 36500
1507, 35040
1508, 33580
1510, 32120
1511, 30660
1512, 29200
1513, 27740
1514, 26280
1515, 24820
1516, 23360
1517, 21900
1518, 20440
1519, 18980
1520, 17520
1521, 16060
1522, 14600
1523, 13140
1524, 11680
1525, 10220
1526, 8760
1527, 7300
1528, 5840
1529, 4380
1530, 2920
1531, 1460
1532, 0
1533, 35040
1537, 33580
1538, 32120
1539, 30660
1540, 29200
1541, 27740
1542, 26280
1543, 24820
1544, 23360
1545, 21900
1546, 20440
1547, 18980
1548, 17520
1549, 16060
1550, 14600
1551, 13140
1552, 11680
1553, 10220
1554, 8760
1555, 7300
1556, 5840
1557, 4380
1558, 2920
1559, 1460
1561, 0
1562, 0
1563, 64240
1566, 64240
1570, 64240
1571, 64240
1572, 64240
1573, 64240
1574, 64240
1575, 64240
1576, 64240
1577, 62780
1579, 61320
1580, 59860
1581, 58400
1582, 56940
1583, 55480
1584, 54020
1585, 52560
1586, 51100
1587, 49640
1589, 48180
1590, 46720
1591, 45260
1592, 43800
1593, 42340
1594, 40880
1595, 39420
1596, 37960
1598, 36500
1599, 35040
1600, 33580
1601, 32120
1602, 30660
1603, 29200
1604, 27740
1605, 26280
1606, 24820
1607, 23360
1608, 21900
1609, 20440
1610, 18980
1611, 17520
1612, 16060
1613, 14600
1614, 13140
1615, 11680
1616, 10220
1617, 8760
1618, 7300
1619, 5840
1620, 4380
1621, 2920
1622, 1460
1623, 37960
1626, 36500
1628, 35040
1629, 33580
1630, 32120
1631, 30660
1632, 29200
1633, 27740
1634, 26280
1635, 24820
1636, 23360
1637, 21900
1638, 20440
1639, 18980
1640, 17520
1641, 16060
1642, 14600
1643, 13140
1644, 11680
1645, 10220
1646, 8760
1647, 7300
1648, 5840
1649, 4380
1650, 2920
1651, 1460
1652, 0
1653, 35040
1657, 33580
1659, 32120
1660, 30660
1661, 29200
1662, 27740
1663, 26280
1664, 24820
1665, 23360
1666, 21900
1667, 20440
1668, 18980
1669, 17520
1670, 16060
1671, 14600
1672, 13140
1673, 11680
1674, 10220
1675, 8760
1676, 7300
1677, 5840
1678, 4380
1680, 2920
1681, 1460
1682, 0
1685, 0
1686, 45260
1688, 43800
1689, 64240
1690, 64240
1692, 64240
1693, 64240
1694, 64240
1696, 64240
1698, 64240
1699, 64240
1700, 64240
1702, 64240
1703, 64240
1704, 64240
1705, 64240
1706, 64240
1708, 64240
1709, 64240
1710, 64240
1712, 64240
1713, 64240
1714, 64240
1716, 64240
1717, 64240
1718, 64240
1719, 64240
1720, 64240
1721, 64240
1722, 64240
1724, 64240
1725, 64240
1726, 64240
1727, 64240
1728, 64240
1729, 64240
1730, 64240
1731, 62780
1733, 61320
1734, 59860
1735, 58400
1736, 56940
1737, 55480
1739, 64240
1740, 64240
1742, 64240
1743, 64240
1744, 64240
1745, 64240
1746, 64240
1747, 64240
1748, 64240
1749, 64240
1750, 64240
1751, 64240
1753, 64240
1754, 64240
1755, 64240
1756, 64240
1757, 64240
1758, 64240
1759, 64240
1760, 64240
1762, 64240
1763, 64240
1765, 64240
1766, 64240
1767, 64240
1768, 64240
1769, 64240
1770, 64240
1771, 64240
1772, 64240
1773, 64240
1775, 64240
1776, 64240
1777, 64240
1778, 64240
1779, 64240
1780, 64240
1781, 64240
1782, 64240
1783, 64240
1785, 64240
1786, 64240
1787, 64240
1789, 64240
1790, 64240
1791, 64240
1792, 64240
1793, 64240
1794, 64240
1795, 64240
1796, 64240
1797, 64240
1799, 64240
1800, 64240
1801, 64240
1802, 64240
1803, 64240
1804, 64240
1805, 64240
1806, 64240
1807, 64240
1809, 64240
1810, 64240
1811, 64240
1813, 64240
1814, 64240
1815, 64240
1816, 64240
1817, 64240
1818, 64240
1819, 64240
1820, 64240
1821, 64240
1822, 64240
1824, 64240
1825, 64240
1826, 64240
1827, 64240
1828, 64240
1829, 64240
1830, 64240
1831, 64240
1832, 64240
1833, 64240
1834, 64240
1835, 64240
1836, 64240
1837, 64240
1838, 64240
1841, 64240
1842, 64240
1843, 64240
1844, 64240
1845, 64240
1846, 64240
1848, 64240
1849, 64240
1850, 64240
1851, 64240
1852, 64240
1853, 64240
1854, 64240
1855, 64240
1856, 62780
1858, 61320
1859, 59860
1861, 58400
1862, 56940
1863, 55480
1864, 54020
1865, 52560
1866, 51100
1867, 49640
1868, 48180
1869, 46720
1870, 45260
1872, 43800
1873, 42340
1874, 40880
1875, 39420
1876, 37960
1877, 36500
1878, 35040
1879, 33580
1880, 32120
1881, 30660
1882, 29200
1883, 27740
1884, 26280
1885, 24820
1886, 23360
1887, 21900
1888, 20440
1889, 18980
1890, 17520
1891, 16060
1892, 14600
1893, 13140
1894, 11680
1895, 10220
1896, 8760
1897, 7300
1898, 5840
1899, 4380
1901, 2920
1902, 1460
1903, 0
1904, 64240
1907, 64240
1909, 64240
1910, 64240
1911, 64240
1912, 64240
1913, 64240
1914, 64240
1915, 64240
1916, 64240
1917, 64240
1918, 64240
1919, 64240
1921, 64240
1922, 64240
1923, 64240
1924, 64240
1925, 64240
1926, 64240
1927, 64240
1928, 62780
1929, 61320
1930, 59860
1932, 58400
1933, 56940
1934, 55480
1935, 54020
1936, 52560
1937, 51100
1938, 49640
1939, 48180
1940, 46720
1941, 45260
1942, 43800
1943, 42340
1944, 40880
1945, 39420
1946, 37960
1948, 36500
1949, 35040
1950, 33580
1951, 32120
1952, 30660
1953, 29200
1954, 27740
1955, 26280
1956, 24820
1957, 23360
1958, 21900
1959, 20440
1960, 18980
1961, 17520
1962, 16060
1963, 14600
1964, 13140
1965, 11680
1966, 10220
1967, 8760
1968, 7300
1969, 5840
1970, 4380
1971, 2920
1972, 1460
1973, 0
1976, 0
1977, 64240
1980, 64240
1982, 64240
1984, 64240
1985, 64240
1987, 64240
1988, 64240
1990, 64240
1991, 64240
1992, 64240
1993, 64240
1995, 64240
1996, 64240
1997, 64240
1999, 64240
2000, 64240
2001, 64240
2002, 64240
2003, 64240
2005, 64240
2006, 64240
2007, 64240
2008, 64240
2009, 64240
2010, 64240
2011, 64240
2012, 64240
2013, 64240
2015, 64240
2016, 64240
2017, 64240
2019, 64240
2020, 64240
2021, 64240
2022, 64240
2023, 64240
2024, 64240
2025, 64240
2026, 64240
2027, 64240
2028, 64240
2030, 64240
2031, 64240
2032, 64240
2033, 64240
2034, 64240
2035, 64240
2036, 64240
2037, 64240
2038, 64240
2040, 64240
2041, 64240
2043, 64240
2044, 64240
2045, 64240
2046, 64240
2047, 64240
2048, 64240
2049, 64240
2050, 64240
2051, 64240
2052, 64240
2054, 64240
2055, 64240
2056, 64240
2057, 64240
2058, 64240
2059, 64240
2060, 64240
2061, 64240
2062, 64240
2064, 64240
2065, 64240
2067, 64240
2068, 64240
2069, 64240
2070, 64240
2071, 64240
2072, 64240
2073, 64240
2074, 64240
2075, 64240
2076, 64240
2078, 64240
2079, 64240
2080, 64240
2081, 64240
2082, 64240
2083, 64240
2084, 64240
2085, 62780
2086, 61320
2087, 59860
2089, 58400
2091, 56940
2092, 55480
2093, 54020
2094, 52560
2095, 51100
2096, 49640
2097, 48180
2098, 46720
2099, 45260
2100, 43800
2101, 42340
2102, 40880
2103, 39420
2104, 37960
2105, 36500
2106, 35040
2107, 33580
2108, 32120
2109, 30660
2110, 29200
2111, 27740
2112, 26280
2114, 24820
2115, 23360
2116, 21900
2117, 20440
2118, 18980
2119, 17520
2120, 16060
2121, 14600
2122, 13140
2123, 11680
2124, 10220
2125, 8760
2126, 7300
2127, 5840
2128, 4380
2129, 2920
2130, 1460
2131, 64240
2134, 62780
2135, 61320
2136, 59860
2138, 58400
2139, 56940
2140, 55480
2141, 54020
2142, 52560
2143, 51100
2144, 49640
2145, 48180
2146, 46720
2147, 45260
2148, 43800
2149, 42340
2150, 40880
2151, 39420
2152, 37960
2153, 36500
2155, 35040
2156, 33580
2157, 32120
2158, 30660
2159, 29200
2160, 27740
2161, 26280
2162, 24820
2163, 23360
2164, 21900
2165, 20440
2166, 18980
2167, 17520
2168, 16060
2169, 14600
2170, 13140
2171, 11680
2172, 10220
2173, 8760
2174, 7300
2175, 5840
2176, 4380
2177, 2920
2178, 1460
2180, 0
2181, 0
2183, 52560
2186, 51100
2190, 49640
2191, 48180
2192, 46720
2193, 45260
2194, 43800
2195, 42340
2196, 40880
2197, 39420
2198, 37960
2199, 36500
2200, 35040
2201, 33580
2202, 32120
2203, 30660
2204, 29200
2205, 27740
2206, 26280
2207, 24820
2208, 23360
2209, 21900
2210, 20440
2211, 18980
2212, 17520
2213, 16060
2214, 14600
2215, 13140
2216, 11680
2217, 10220
2218, 8760
2219, 7300
2220, 5840
2221, 4380
2222, 2920
2223, 1460
2224, 0
2225, 64240
2229, 64240
2230, 62780
2231, 61320
2232, 59860
2233, 58400
2234, 56940
2235, 55480
2237, 54020
2238, 52560
2239, 51100
2240, 49640
2241, 48180
2242, 46720
2243, 45260
2244, 43800
2245, 42340
2246, 40880
2247, 39420
2248, 37960
2249, 36500
2250, 35040
2251, 33580
2252, 32120
2253, 30660
2254, 29200
2255, 27740
2256, 26280
2257, 24820
2258, 23360
2259, 21900
2260, 20440
2261, 18980
2262, 17520
2263, 16060
2264, 14600
2265, 13140
2266, 11680
2267, 10220
2268, 8760
2270, 7300
2271, 5840
2272, 4380
2273, 2920
2274, 1460
2275, 0
2278, 0
2279, 64240
2281, 64240
2282, 64240
2283, 64240
2284, 64240
2285, 64240
2286, 64240
2288, 64240
2289, 64240
2290, 64240
2292, 64240
2293, 64240
2294, 64240
2295, 64240
2297, 64240
2298, 64240
2299, 64240
2300, 64240
2302, 64240
2303, 64240
2304, 64240
2305, 64240
2306, 64240
2307, 62780
2309, 61320
2310, 59860
2311, 58400
2312, 56940
2313, 55480
2314, 54020
2315, 52560
2316, 51100
2317, 49640
2319, 48180
2321, 46720
2322, 45260
2323, 43800
2324, 42340
2325, 40880
2326, 39420
2327, 37960
2328, 36500
2329, 35040
2330, 33580
2332, 32120
2333, 30660
2334, 29200
2335, 27740
2336, 26280
2337, 24820
2338, 23360
2339, 21900
2340, 20440
2341, 18980
2342, 17520
2343, 16060
2344, 14600
2345, 13140
2346, 11680
2347, 10220
2348, 8760
2349, 7300
2350, 5840
2351, 4380
2352, 2920
2353, 1460
2354, 56940
2358, 55480
2359, 54020
2360, 52560
2361, 51100
2362, 49640
2363, 48180
2364, 46720
2365, 45260
2366, 43800
2367, 42340
2368, 40880
2369, 39420
2370, 37960
2371, 36500
2372, 35040
2373, 33580
2374, 32120
2375, 30660
2376, 29200
2377, 27740
2379, 26280
2380, 24820
2381, 23360
2382, 21900
2383, 20440
2384, 18980
2385, 17520
2386, 16060
2387, 14600
2388, 13140
2389, 11680
2390, 10220
2391, 8760
2392, 7300
2393, 5840
2394, 4380
2395, 2920
2396, 1460
2398, 0
2399, 0
2401, 46720
2404, 45260
2409, 43800
2410, 42340
2411, 40880
2412, 39420
2413, 37960
2414, 36500
2415, 35040
2416, 33580
2417, 32120
2418, 30660
2419, 29200
2420, 27740
2421, 26280
2422, 24820
2423, 23360
2424, 21900
2425, 20440
2426, 18980
2427, 17520
2428, 16060
2429, 14600
2430, 13140
2431, 11680
2432, 10220
2433, 8760
2434, 7300
2435, 5840
2436, 4380
2437, 2920
2438, 1460
2439, 0
2440, 64240
2444, 62780
2445, 61320
2447, 59860
2448, 58400
2449, 56940
2450, 55480
2451, 54020
2452, 52560
2453, 51100
2454, 49640
2455, 48180
2456, 46720
2457, 45260
2458, 43800
2459, 42340
2460, 40880
2461, 39420
2462, 37960
2463, 36500
2464, 35040
2466, 33580
2467, 32120
2468, 30660
2469, 29200
2470, 27740
2471, 26280
2472, 24820
2473, 23360
2474, 21900
2475, 20440
2476, 18980
2477, 17520
2478, 16060
2479, 14600
2480, 13140
2481, 11680
2482, 10220
2483, 8760
2484, 7300
2485, 5840
2486, 4380
2487, 2920
2488, 1460
2490, 0
2491, 0
2492, 43800
2495, 42340
2498, 40880
2499, 39420
2500, 37960
2501, 36500
2502, 35040
2503, 33580
2504, 32120
2505, 30660
2506, 29200
2507, 27740
2508, 26280
2509, 24820
2510, 23360
2511, 21900
2512, 20440
2513, 18980
2514, 17520
2515, 16060
2516, 14600
2517, 13140
2518, 11680
2519, 10220
2520, 8760
2521, 7300
2522, 5840
2523, 4380
2524, 2920
2525, 1460
2526, 0
2527, 54020
2530, 52560
2532, 51100
2533, 49640
2534, 48180
2535, 46720
2536, 45260
2537, 43800
2538, 42340
2539, 40880
2540, 39420
2541, 37960
2542, 36500
2543, 35040
2544, 33580
2545, 32120
2546, 30660
2547, 29200
2548, 27740
2549, 26280
2551, 24820
2552, 23360
2553, 21900
2554, 20440
2555, 18980
2556, 17520
2557, 16060
2558, 14600
2559, 13140
2560, 11680
2561, 10220
2562, 8760
2563, 7300
2564, 5840
2565, 4380
2566, 2920
2567, 1460
2568, 0
2571, 0
2573, 0
2574, 59860
2576, 58400
2577, 56940
2578, 55480
2579, 54020
2580, 52560
2581, 51100
2583, 49640
2584, 48180
2585, 46720
2586, 45260
2588, 43800
2589, 42340
2590, 40880
2591, 39420
2592, 37960
2594, 36500
2595, 35040
2596, 33580
2597, 32120
2598, 30660
2599, 29200
2600, 27740
2601, 26280
2602, 24820
2603, 23360
2604, 21900
2605, 20440
2606, 18980
2607, 17520
2608, 16060
2609, 14600
2610, 13140
2612, 11680
2613, 10220
2614, 8760
2615, 7300
2616, 5840
2617, 4380
2618, 2920
2619, 1460
2620, 0
2621, 64240
2624, 64240
2625, 64240
2626, 64240
2628, 64240
2629, 64240
2630, 64240
2631, 64240
2632, 64240
2633, 64240
2634, 64240
2635, 64240
2637, 64240
2638, 62780
2639, 61320
2640, 59860
2641, 58400
2643, 56940
2644, 55480
2645, 54020
2646, 52560
2647, 51100
2648, 49640
2649, 48180
2650, 46720
2651, 45260
2653, 43800
2654, 42340
2655, 40880
2656, 39420
2657, 37960
2658, 36500
2659, 35040
2660, 33580
2661, 32120
2662, 30660
2663, 29200
2664, 27740
2665, 26280
2667, 24820
2668, 23360
2669, 21900
2670, 20440
2671, 18980
2672, 17520
2673, 16060
2674, 14600
2675, 13140
2676, 11680
2677, 10220
2678, 8760
2679, 7300
2680, 5840
2681, 4380
2682, 2920
2683, 1460
2685, 0
2686, 0
2687, 64240
2690, 64240
2694, 64240
2695, 64240
2697, 64240
2698, 62780
2699, 61320
2700, 59860
2701, 58400
2702, 56940
2703, 55480
2704, 54020
2705, 52560
2707, 51100
2708, 49640
2709, 48180
2710, 46720
2711, 45260
2712, 43800
2713, 42340
2714, 40880
2715, 39420
2717, 37960
2718, 36500
2719, 35040
2720, 33580
2721, 32120
2722, 30660
2723, 29200
2724, 27740
2725, 26280
2726, 24820
2727, 23360
2728, 21900
2729, 20440
2730, 18980
2731, 17520
2732, 16060
2733, 14600
2734, 64240
2737, 64240
2739, 64240
2740, 64240
2741, 64240
2742, 64240
2743, 64240
2744, 64240
2746, 64240
2747, 64240
2748, 64240
2749, 64240
2750, 64240
2751, 64240
2752, 64240
2753, 64240
2754, 64240
2755, 64240
2756, 64240
2757, 64240
2758, 64240
2759, 64240
2760, 64240
2761, 64240
2762, 64240
2763, 64240
2764, 64240
2765, 64240
2766, 64240
2767, 64240
2768, 64240
2769, 64240
2770, 64240
2771, 64240
2772, 64240
2776, 64240
2777, 64240
2778, 64240
2779, 64240
2781, 64240
2782, 64240
2783, 64240
2784, 64240
2785, 62780
2786, 61320
2787, 59860
2788, 58400
2789, 56940
2791, 55480
2792, 54020
2794, 52560
2795, 51100
2796, 49640
2797, 48180
2798, 46720
2799, 45260
2800, 43800
2801, 42340
2802, 40880
2803, 39420
2804, 37960
2805, 36500
2806, 35040
2807, 33580
2808, 32120
2809, 30660
2811, 29200
2812, 27740
2813, 26280
2814, 24820
2815, 23360
2816, 21900
2817, 20440
2818, 18980
2819, 17520
2820, 16060
2821, 14600
2822, 13140
2823, 11680
2824, 10220
2825, 8760
2826, 7300
2827, 5840
2828, 4380
2829, 2920
2830, 1460
2831, 64240
2834, 64240
2835, 64240
2836, 64240
2837, 64240
2838, 64240
2839, 64240
2841, 64240
2842, 64240
2843, 64240
2844, 64240
2845, 64240
2846, 64240
2847, 64240
2848, 64240
2849, 64240
2850, 64240
2851, 64240
2853, 64240
2854, 64240
2855, 64240
2856, 64240
2857, 64240
2858, 64240
2859, 64240
2860, 64240
2861, 64240
2862, 64240
2864, 64240
2865, 64240
2866, 64240
2867, 64240
2868, 64240
2869, 64240
2870, 64240
2871, 64240
2872, 64240
2873, 64240
2874, 64240
2876, 64240
2877, 64240
2878, 64240
2879, 64240
2880, 64240
2881, 64240
2882, 64240
2883, 64240
2884, 64240
2885, 64240
2887, 64240
2888, 64240
2889, 64240
2890, 64240
2891, 64240
2892, 64240
2893, 64240
2894, 64240
2895, 64240
2896, 64240
2897, 64240
2898, 64240
2900, 64240
2901, 64240
2902, 64240
2903, 64240
2904, 64240
2905, 64240
2906, 64240
2907, 64240
2908, 64240
2909, 64240
2910, 64240
2911, 64240
2912, 64240
2913, 64240
2914, 64240
2915, 64240
2916, 64240
2917, 64240
2919, 64240
2920, 64240
2921, 64240
2923, 64240
2924, 64240
2925, 64240
2926, 64240
2927, 62780
2928, 61320
2929, 59860
2930, 58400
2931, 56940
2933, 55480
2934, 54020
2935, 52560
2936, 51100
2937, 49640
2938, 48180
2939, 46720
2940, 45260
2941, 43800
2942, 42340
2943, 40880
2944, 39420
2945, 37960
2946, 36500
2947, 35040
2948, 33580
2949, 32120
2950, 30660
2951, 29200
2952, 27740
2953, 26280
2954, 24820
2955, 23360
2956, 21900
2957, 20440
2958, 18980
2959, 17520
2960, 16060
2961, 14600
2962, 13140
2964, 11680
2965, 10220
2966, 8760
2967, 7300
2968, 5840
2969, 4380
2970, 2920
2971, 1460
2972, 0
2973, 61320
2977, 59860
2978, 58400
2979, 56940
2981, 55480
2982, 54020
2983, 52560
2984, 51100
2985, 49640
2986, 48180
2987, 46720
2988, 45260
2989, 43800
2990, 42340
2991, 40880
2992, 39420
2993, 37960
2994, 36500
2995, 35040
2996, 33580
2997, 32120
2998, 30660
2999, 29200
3000, 27740
3001, 26280
3002, 24820
3004, 23360
3005, 21900
3006, 20440
3007, 18980
3008, 17520
3009, 16060
3010, 14600
3011, 13140
3012, 11680
3013, 10220
3014, 8760
3015, 7300
3016, 5840
3017, 4380
3018, 2920
3019, 1460
3021, 0
3022, 0
3023, 55480
3026, 54020
3029, 52560
3030, 51100
3031, 49640
3032, 48180
3033, 46720
3034, 45260
3035, 43800
3036, 42340
3037, 40880
3038, 39420
3039, 37960
3040, 36500
3041, 35040
3042, 33580
3043, 32120
3044, 30660
3045, 29200
3046, 27740
3047, 26280
3048, 24820
3049, 23360
3050, 21900
3051, 20440
3052, 18980
3053, 17520
3054, 16060
3055, 14600
3056, 13140
3057, 11680
3058, 10220
3059, 8760
3060, 7300
3061, 5840
3062, 4380
3063, 2920
3064, 1460
3065, 56940
3069, 55480
3070, 54020
3071, 52560
3072, 51100
3073, 49640
3075, 48180
3076, 46720
3077, 45260
3078, 43800
3079, 42340
3080, 40880
3081, 39420
3082, 37960
3083, 36500
3084, 35040
3085, 33580
3086, 32120
3087, 30660
3088, 29200
3089, 27740
3090, 26280
3091, 24820
3092, 23360
3093, 21900
3094, 20440
3095, 18980
3096, 17520
3097, 16060
3098, 14600
3099, 13140
3100, 11680
3101, 10220
3102, 8760
3103, 7300
3104, 5840
3105, 4380
3107, 2920
3108, 1460
3109, 0
3112, 0
3113, 49640
3115, 48180
3116, 46720
3117, 45260
3119, 43800
3120, 42340
3121, 40880
3123, 39420
3124, 37960
3125, 36500
3126, 35040
3128, 33580
3129, 32120
3130, 30660
3131, 29200
3132, 27740
3134, 26280
3135, 24820
3136, 23360
3137, 21900
3138, 20440
3139, 18980
3140, 17520
3141, 16060
3142, 14600
3143, 13140
3144, 11680
3145, 10220
3146, 8760
3147, 7300
3148, 5840
3149, 4380
3151, 2920
3152, 1460
3153, 0
3154, 64240
3157, 64240
3158, 64240
3160, 64240
3161, 64240
3162, 64240
3163, 64240
3164, 64240
3165, 64240
3166, 64240
3168, 64240
3169, 64240
3170, 64240
3171, 64240
3172, 64240
3173, 64240
3174, 64240
3176, 64240
3177, 62780
3178, 61320
3179, 59860
3180, 58400
3181, 56940
3183, 55480
3185, 54020
3186, 52560
3187, 51100
3188, 49640
3189, 48180
3190, 46720
3191, 45260
3193, 43800
3194, 42340
3195, 40880
3196, 39420
3197, 37960
3198, 36500
3199, 35040
3201, 33580
3202, 32120
3203, 30660
3204, 29200
3205, 27740
3206, 26280
3207, 24820
3208, 23360
3209, 21900
3210, 20440
3211, 18980
3212, 17520
3214, 16060
3215, 14600
3216, 13140
3217, 11680
3218, 10220
3219, 8760
3220, 7300
3221, 5840
3222, 4380
3223, 2920
3224, 1460
3225, 0
3228, 0
3230, 0
3231, 64240
3234, 64240
3235, 62780
3237, 61320
3238, 59860
3239, 58400
3241, 56940
3242, 55480
3243, 54020
3245, 52560
3246, 51100
3247, 49640
3248, 48180
3249, 46720
3250, 45260
3252, 43800
3253, 42340
3254, 40880
3255, 39420
3256, 37960
3257, 36500
3258, 35040
3259, 33580
3260, 32120
3261, 30660
3263, 29200
3264, 27740
3265, 26280
3266, 24820
3267, 23360
3269, 21900
3270, 20440
3271, 18980
3272, 17520
3273, 16060
3274, 14600
3275, 13140
3276, 11680
3277, 10220
3278, 8760
3279, 7300
3280, 5840
3281, 4380
3282, 2920
3283, 1460
3284, 62780
3288, 61320
3289, 59860
3290, 58400
3291, 56940
3292, 55480
3294, 54020
3295, 52560
3296, 51100
3297, 49640
3298, 48180
3299, 46720
3300, 45260
3302, 43800
3303, 42340
3304, 40880
3305, 39420
3306, 37960
3307, 36500
3308, 35040
3310, 33580
3311, 32120
3312, 30660
3313, 29200
3314, 27740
3315, 26280
3316, 24820
3317, 23360
3318, 21900
3319, 20440
3320, 18980
3321, 17520
3322, 16060
3323, 14600
3325, 13140
3326, 11680
3327, 10220
3328, 8760
3329, 7300
3330, 5840
3331, 4380
3332, 2920
3333, 1460
3334, 0
3337, 0
3339, 0
3340, 64240
3343, 62780
3344, 61320
3346, 59860
3347, 58400
3348, 56940
3350, 55480
3351, 54020
3352, 52560
3354, 51100
3356, 49640
3357, 48180
3358, 46720
3359, 45260
3360, 43800
3362, 42340
3363, 40880
3364, 39420
3365, 37960
3366, 36500
3367, 35040
3369, 33580
3370, 32120
3371, 30660
3372, 29200
3373, 27740
3374, 26280
3375, 24820
3376, 23360
3377, 21900
3378, 20440
3379, 18980
3380, 17520
3381, 16060
3382, 14600
3383, 13140
3384, 11680
3385, 10220
3386, 8760
3387, 7300
3388, 5840
3390, 4380
3391, 2920
3392, 1460
3393, 0
3394, 64240
3397, 64240
3399, 64240
3400, 64240
3401, 64240
3403, 64240
3404, 64240
3405, 64240
3406, 64240
3407, 64240
3408, 64240
3409, 64240
3411, 64240
3412, 64240
3413, 64240
3414, 64240
3415, 64240
3416, 64240
3417, 64240
3418, 64240
3420, 64240
3421, 64240
3422, 64240
3423, 64240
3424, 64240
3425, 64240
3427, 64240
3428, 64240
3429, 64240
3430, 64240
3431, 64240
3432, 64240
3433, 64240
3434, 64240
3436, 64240
3437, 64240
3438, 64240
3439, 64240
3440, 64240
3441, 64240
3442, 64240
3443, 64240
3444, 64240
3446, 64240
3447, 64240
3448, 64240
3449, 64240
3451, 64240
3452, 64240
3453, 64240
3454, 64240
3455, 64240
3456, 64240
3457, 64240
3458, 64240
3460, 64240
3461, 64240
3462, 64240
3463, 64240
3464, 64240
3465, 64240
3466, 64240
3467, 64240
3468, 64240
3470, 64240
3471, 64240
3472, 64240
3473, 64240
3475, 64240
3476, 64240
3477, 64240
3478, 64240
3479, 64240
3480, 64240
3481, 64240
3482, 64240
3484, 64240
3485, 64240
3486, 64240
3487, 64240
3488, 64240
3489, 64240
3490, 64240
3491, 64240
3492, 64240
3494, 64240
3495, 64240
3496, 64240
3497, 64240
3499, 64240
3500, 64240
3501, 64240
3502, 64240
3503, 64240
3504, 64240
3505, 64240
3506, 64240
3507, 64240
3509, 64240
3510, 64240
3511, 64240
3512, 64240
3513, 64240
3514, 64240
3515, 64240
3516, 64240
3517, 64240
3518, 64240
3520, 64240
3521, 64240
3523, 64240
3524, 64240
3525, 64240
3526, 64240
3527, 64240
3528, 64240
3529, 64240
3530, 64240
3531, 64240
3533, 64240
3534, 64240
3535, 64240
3536, 64240
3537, 64240
3538, 64240
3539, 64240
3540, 64240
3541, 64240
3542, 64240
3544, 64240
3545, 64240
3547, 64240
3548, 64240
3549, 64240
3550, 64240
3551, 64240
3552, 64240
3553, 64240
3554, 64240
3555, 64240
3557, 64240
3558, 64240
3559, 64240
3560, 64240
3561, 64240
3562, 64240
3563, 64240
3564, 64240
3565, 64240
3566, 64240
3568, 64240
3569, 64240
3571, 64240
3572, 64240
3573, 64240
3574, 64240
3575, 64240
3576, 64240
3577, 64240
3578, 64240
3579, 64240
3580, 64240
3582, 64240
3583, 64240
3584, 64240
3585, 64240
3586, 64240
3587, 64240
3588, 64240
3589, 64240
3590, 64240
3591, 64240
3592, 64240
3594, 64240
3595, 64240
3596, 64240
3597, 64240
3598, 64240
3599, 64240
3600, 64240
3601, 64240
3602, 64240
3603, 64240
3605, 64240
3606, 62780
3607, 61320
3608, 59860
3609, 58400
3610, 56940
3611, 55480
3612, 54020
3613, 52560
3614, 51100
3615, 49640
3617, 48180
3618, 46720
3619, 45260
3620, 43800
3621, 42340
3622, 40880
3623, 39420
3624, 37960
3625, 36500
3626, 35040
3627, 33580
3628, 32120
3629, 30660
3630, 29200
3631, 27740
3632, 26280
3633, 24820
3634, 23360
3635, 21900
3636, 20440
3637, 18980
3638, 17520
3639, 16060
3640, 14600
3641, 13140
3642, 11680
3643, 10220
3644, 8760
3645, 7300
3646, 5840
3647, 4380
3649, 2920
3650, 1460
3651, 0
3654, 0
3656, 0
3657, 56940
3659, 55480
3660, 54020
3661, 52560
3662, 51100
3663, 49640
3665, 48180
3666, 46720
3667, 45260
3669, 43800
3670, 42340
3671, 40880
3672, 39420
3674, 37960
3675, 36500
3676, 35040
3677, 33580
3678, 32120
3679, 30660
3680, 29200
3682, 27740
3683, 26280
3684, 24820
3685, 23360
3686, 21900
3687, 20440
3688, 18980
3689, 17520
3690, 16060
3691, 14600
3692, 13140
3693, 11680
3694, 10220
3695, 8760
3696, 7300
3697, 5840
3698, 4380
3699, 2920
3700, 1460
3701, 59860
3705, 58400
3706, 56940
3707, 55480
3708, 54020
3709, 52560
3710, 51100
3712, 49640
3713, 48180
3714, 46720
3715, 45260
3716, 43800
3717, 42340
3718, 40880
3719, 39420
3720, 37960
3721, 36500
3722, 35040
3724, 33580
3725, 32120
3726, 30660
3727, 29200
3728, 27740
3729, 26280
3730, 24820
3731, 23360
3732, 21900
3733, 20440
3734, 18980
3735, 17520
3736, 16060
3737, 14600
3738, 13140
3739, 11680
3740, 10220
3741, 8760
3742, 7300
3743, 5840
3744, 4380
3745, 2920
3746, 1460
3747, 2920
3749, 1460
3750, 0
3753, 0
3755, 0
3756, 56940
3759, 55480
3760, 54020
3762, 52560
3763, 51100
3764, 49640
3766, 48180
3767, 46720
3768, 45260
3770, 43800
3772, 42340
3773, 40880
3774, 39420
3775, 37960
3777, 36500
3778, 35040
3779, 33580
3780, 32120
3781, 30660
3782, 29200
3783, 27740
3784, 26280
3785, 24820
3786, 23360
3787, 21900
3788, 20440
3789, 18980
3790, 17520
3791, 16060
3792, 14600
3793, 13140
3795, 11680
3796, 10220
3797, 8760
3798, 7300
3799, 5840
3800, 4380
3801, 2920
3802, 1460
3803, 0
3804, 64240
3807, 64240
3808, 64240
3809, 64240
3810, 64240
3811, 64240
3812, 64240
3814, 64240
3815, 64240
3816, 64240
3817, 64240
3818, 64240
3819, 64240
3820, 64240
3821, 64240
3822, 64240
3824, 64240
3825, 62780
3826, 61320
3827, 59860
3828, 58400
3829, 56940
3830, 55480
3831, 54020
3832, 52560
3833, 51100
3835, 49640
3836, 48180
3838, 46720
3839, 45260
3840, 43800
3841, 42340
3842, 40880
3843, 39420
3844, 37960
3845, 36500
3846, 35040
3847, 33580
3848, 32120
3849, 30660
3850, 29200
3851, 27740
3852, 26280
3853, 24820
3854, 23360
3855, 21900
3857, 20440
3858, 18980
3859, 17520
3860, 16060
3861, 14600
3862, 13140
3863, 11680
3864, 10220
3865, 8760
3866, 7300
3867, 5840
3868, 4380
3869, 2920
3870, 1460
3871, 0
3874, 0
3876, 0
3877, 64240
3879, 64240
3880, 64240
3881, 64240
3882, 64240
3884, 64240
3885, 64240
3886, 64240
3888, 62780
3889, 61320
3890, 59860
3891, 58400
3893, 56940
3894, 55480
3895, 54020
3896, 52560
3898, 51100
3899, 49640
3900, 48180
3901, 46720
3902, 45260
3903, 43800
3905, 42340
3906, 40880
3907, 39420
3908, 37960
3909, 36500
3910, 35040
3911, 33580
3912, 32120
3913, 30660
3914, 29200
3915, 27740
3916, 26280
3917, 24820
3918, 23360
3920, 21900
3921, 20440
3922, 18980
3923, 17520
3924, 16060
3925, 14600
3926, 13140
3927, 11680
3928, 10220
3929, 8760
3930, 7300
3931, 5840
3932, 4380
3933, 2920
3934, 1460
3935, 40880
3938, 39420
3939, 37960
3940, 36500
3941, 35040
3942, 33580
3943, 32120
3944, 30660
3945, 29200
3946, 27740
3947, 26280
3948, 24820
3949, 23360
3950, 21900
3951, 20440
3953, 18980
3954, 17520
3955, 16060
3956, 14600
3957, 13140
3958, 11680
3959, 10220
3960, 8760
3961, 7300
3962, 5840
3963, 4380
3964, 2920
3965, 1460
3966, 0
3969, 0
3970, 55480
3973, 54020
3974, 52560
3976, 51100
3977, 49640
3978, 48180
3980, 46720
3981, 45260
3982, 43800
3984, 42340
3986, 40880
3987, 39420
3988, 37960
3989, 36500
3991, 35040
3992, 33580
3993, 32120
3994, 30660
3995, 29200
3996, 27740
3997, 26280
3998, 24820
3999, 23360
4000, 21900
4001, 20440
4002, 18980
4003, 17520
4004, 16060
4005, 14600
4006, 13140
4007, 11680
4008, 10220
4009, 8760
4011, 7300
4012, 5840
4013, 4380
4014, 2920
4015, 1460
4016, 0
4017, 61320
4020, 59860
4021, 58400
4022, 56940
4023, 55480
4025, 54020
4026, 52560
4027, 51100
4028, 49640
4029, 48180
4030, 46720
4031, 45260
4032, 43800
4033, 42340
4034, 40880
4035, 39420
4037, 37960
4038, 36500
4039, 35040
4040, 33580
4041, 32120
4042, 30660
4043, 29200
4044, 27740
4045, 26280
4046, 24820
4047, 23360
4048, 21900
4049, 20440
4050, 18980
4051, 17520
4052, 16060
4053, 14600
4054, 13140
4055, 11680
4056, 10220
4057, 8760
4058, 7300
4059, 5840
4060, 4380
4061, 2920
4062, 1460
4063, 0
4066, 0
4067, 64240
4072, 64240
4075, 64240
4076, 64240
4079, 64240
4081, 64240
4082, 64240
4083, 64240
4086, 64240
4088, 64240
4089, 64240
4091, 64240
4092, 64240
4093, 64240
4094, 64240
4095, 64240
4097, 64240
4098, 64240
4100, 64240
4101, 64240
4102, 64240
4103, 64240
4105, 64240
4106, 64240
4107, 64240
4108, 64240
4109, 64240
4110, 64240
4111, 64240
4112, 64240
4114, 64240
4115, 64240
4116, 64240
4117, 64240
4118, 64240
4119, 64240
4120, 64240
4121, 64240
4122, 64240
4124, 64240
4125, 64240
4126, 64240
4127, 64240
4128, 64240
4129, 64240
4130, 64240
4131, 62780
4132, 61320
4134, 59860
4135, 58400
4137, 56940
4138, 55480
4139, 54020
4140, 52560
4141, 51100
4142, 49640
4143, 48180
4144, 46720
4145, 45260
4146, 43800
4148, 42340
4149, 40880
4150, 39420
4151, 37960
4152, 36500
4153, 35040
4154, 33580
4155, 32120
4156, 30660
4157, 29200
4158, 27740
4159, 26280
4160, 24820
4161, 23360
4162, 21900
4163, 20440
4164, 18980
4165, 17520
4166, 16060
4167, 14600
4168, 13140
4169, 11680
4170, 10220
4171, 8760
4172, 7300
4173, 5840
4174, 4380
4175, 2920
4176, 1460
4177, 0
4178, 43800
4181, 42340
4182, 40880
4183, 39420
4184, 37960
4185, 36500
4186, 35040
4187, 33580
4188, 32120
4189, 30660
4190, 29200
4191, 27740
4193, 26280
4194, 24820
4195, 23360
4196, 21900
4197, 20440
4198, 18980
4199, 17520
4200, 16060
4201, 14600
4202, 13140
4203, 11680
4204, 10220
4205, 8760
4206, 7300
4207, 5840
4208, 4380
4209, 2920
4210, 1460
4211, 0
4214, 0
4215, 56940
4218, 55480
4220, 54020
4222, 52560
4223, 51100
4225, 49640
4226, 48180
4227, 46720
4229, 45260
4230, 43800
4231, 42340
4232, 40880
4233, 39420
4234, 37960
4236, 36500
4237, 35040
4239, 33580
4240, 32120
4241, 30660
4242, 29200
4243, 27740
4245, 26280
4246, 24820
4247, 23360
4248, 21900
4249, 20440
4250, 18980
4251, 17520
4252, 16060
4253, 14600
4254, 13140
4255, 11680
4256, 10220
4257, 8760
4258, 7300
4259, 5840
4260, 4380
4261, 2920
4262, 1460
4263, 62780
4266, 61320
4267, 59860
4268, 58400
4269, 56940
4270, 55480
4272, 54020
4273, 52560
4274, 51100
4275, 49640
4276, 48180
4277, 46720
4278, 45260
4279, 43800
4280, 42340
4282, 40880
4283, 39420
4284, 37960
4285, 36500
4286, 35040
4287, 33580
4288, 32120
4289, 30660
4290, 29200
4291, 27740
4292, 26280
4293, 24820
4294, 23360
4295, 21900
4296, 20440
4297, 18980
4298, 17520
4299, 16060
4300, 14600
4301, 13140
4302, 11680
4303, 10220
4304, 8760
4305, 7300
4306, 5840
4307, 4380
4308, 2920
4309, 1460
4310, 0
4313, 0
4315, 0
4316, 59860
4319, 58400
4321, 56940
4323, 55480
4324, 54020
4326, 52560
4327, 51100
4328, 49640
4330, 48180
4331, 46720
4332, 45260
4333, 43800
4335, 42340
4337, 40880
4338, 39420
4339, 37960
4340, 36500
4341, 35040
4342, 33580
4343, 32120
4344, 30660
4345, 29200
4346, 27740
4347, 26280
4349, 24820
4350, 23360
4351, 21900
4352, 20440
4353, 18980
4354, 17520
4355, 16060
4356, 14600
4357, 13140
4358, 64240
4361, 64240
4363, 64240
4364, 64240
4365, 64240
4366, 64240
4367, 64240
4368, 64240
4369, 64240
4370, 64240
4371, 64240
4373, 64240
4374, 64240
4375, 64240
4376, 64240
4377, 64240
4378, 64240
4380, 64240
4381, 64240
4382, 64240
4383, 64240
4384, 64240
4385, 64240
4386, 64240
4387, 64240
4388, 64240
4390, 62780
4391, 61320
4392, 59860
4393, 58400
4394, 56940
4395, 55480
4396, 54020
4397, 52560
4398, 51100
4399, 49640
4400, 48180
4402, 46720
4403, 45260
4404, 43800
4405, 42340
4406, 40880
4407, 39420
4408, 37960
4409, 36500
4410, 35040
4411, 33580
4412, 32120
4413, 30660
4414, 29200
4415, 27740
4416, 26280
4417, 24820
4419, 23360
4420, 21900
4421, 20440
4422, 18980
4423, 17520
4424, 16060
4425, 14600
4426, 13140
4427, 11680
4428, 10220
4429, 8760
4430, 7300
4431, 5840
4432, 4380
4433, 2920
4434, 1460
4435, 64240
4439, 64240
4440, 64240
4441, 64240
4442, 64240
4443, 64240
4444, 64240
4445, 64240
4446, 64240
4447, 64240
4448, 64240
4450, 64240
4451, 64240
4452, 64240
4453, 64240
4454, 64240
4455, 64240
4456, 64240
4457, 64240
4458, 64240
4459, 64240
4460, 64240
4462, 64240
4463, 64240
4464, 64240
4465, 64240
4466, 64240
4467, 64240
4468, 64240
4469, 64240
4470, 64240
4471, 64240
4473, 64240
4474, 64240
4475, 64240
4476, 64240
4477, 64240
4478, 64240
4479, 64240
4480, 64240
4481, 64240
4482, 64240
4483, 64240
4485, 64240
4486, 64240
4487, 64240
4488, 64240
4489, 64240
4490, 64240
4491, 64240
4492, 64240
4493, 64240
4494, 64240
4496, 64240
4497, 64240
4498, 64240
4499, 64240
4500, 64240
4501, 64240
4502, 64240
4503, 64240
4504, 64240
4505, 64240
4506, 64240
4508, 64240
4509, 64240
4510, 64240
4511, 64240
4512, 64240
4513, 64240
4514, 64240
4515, 64240
4516, 64240
4517, 64240
4519, 64240
4520, 64240
4521, 64240
4522, 64240
4523, 64240
4524, 64240
4525, 64240
4526, 64240
4527, 64240
4528, 64240
4529, 64240
4530, 64240
4532, 64240
4533, 64240
4534, 64240
4535, 64240
4536, 64240
4537, 64240
4538, 64240
4539, 64240
4540, 64240
4542, 64240
4543, 64240
4544, 64240
4545, 64240
4546, 64240
4547, 64240
4548, 64240
4549, 64240
4550, 64240
4551, 64240
4552, 64240
4553, 64240
4555, 64240
4556, 64240
4557, 64240
4558, 64240
4559, 64240
4560, 64240
4561, 64240
4562, 64240
4563, 64240
4565, 64240
4566, 64240
4567, 64240
4568, 64240
4569, 64240
4570, 64240
4571, 64240
4572, 64240
4573, 64240
4574, 64240
4575, 64240
4576, 64240
4578, 64240
4579, 64240
4580, 64240
4581, 64240
4582, 64240
4583, 64240
4584, 64240
4585, 64240
4586, 64240
4588, 64240
4589, 64240
4590, 64240
4591, 64240
4592, 64240
4593, 64240
4594, 64240
4595, 64240
4596, 64240
4597, 64240
4598, 64240
4599, 64240
4600, 64240
4602, 64240
4603, 64240
4604, 64240
4605, 64240
4606, 64240
4607, 64240
4608, 64240
4609, 64240
4610, 64240
4611, 64240
4613, 64240
4614, 64240
4615, 64240
4616, 64240
4617, 64240
4618, 64240
4619, 64240
4620, 64240
4621, 64240
4622, 64240
4623, 64240
4625, 64240
4626, 64240
4627, 64240
4628, 64240
4629, 64240
4630, 64240
4631, 64240
4632, 64240
4634, 64240
4635, 64240
4636, 64240
4637, 64240
4638, 64240
4639, 64240
4640, 64240
4641, 64240
4642, 64240
4643, 64240
4644, 64240
4645, 64240
4646, 64240
4648, 64240
4649, 64240
4650, 64240
4651, 64240
4652, 64240
4653, 64240
4654, 64240
4655, 64240
4657, 64240
4658, 64240
4659, 64240
4660, 64240
4661, 64240
4662, 64240
4663, 64240
4664, 64240
4665, 62780
4666, 61320
4667, 59860
4668, 58400
4669, 56940
4670, 55480
4671, 54020
4672, 52560
4673, 51100
4674, 49640
4675, 48180
4676, 46720
4677, 45260
4678, 43800
4680, 42340
4681, 40880
4682, 39420
4683, 37960
4684, 36500
4685, 35040
4686, 33580
4687, 32120
4688, 30660
4689, 29200
4690, 27740
4691, 26280
4692, 24820
4693, 23360
4694, 21900
4695, 20440
4696, 18980
4697, 17520
4698, 16060
4699, 14600
4700, 13140
4701, 11680
4702, 10220
4703, 8760
4704, 7300
4705, 5840
4706, 4380
4707, 2920
4708, 1460
4709, 0
4712, 0
4714, 0
4715, 64240
4717, 64240
4720, 64240
4721, 64240
4722, 64240
4723, 64240
4727, 64240
4728, 64240
4729, 64240
4731, 64240
4732, 64240
4733, 64240
4734, 64240
4735, 64240
4737, 64240
4738, 64240
4739, 64240
4740, 64240
4742, 64240
4743, 64240
4744, 64240
4745, 64240
4746, 64240
4747, 64240
4749, 64240
4750, 64240
4751, 64240
4752, 64240
4753, 64240
4754, 64240
4755, 64240
4756, 64240
4757, 64240
4758, 64240
4760, 64240
4761, 64240
4762, 64240
4763, 64240
4764, 64240
4765, 64240
4766, 64240
4767, 64240
4768, 64240
4770, 64240
4771, 64240
4772, 64240
4773, 64240
4774, 64240
4775, 64240
4776, 64240
4777, 64240
4778, 64240
4779, 64240
4780, 64240
4781, 64240
4783, 64240
4784, 64240
4785, 64240
4786, 64240
4787, 64240
4788, 64240
4789, 64240
4790, 64240
4791, 64240
4793, 64240
4794, 64240
4795, 64240
4796, 64240
4797, 64240
4798, 64240
4799, 64240
4800, 64240
4801, 64240
4802, 64240
4803, 64240
4804, 64240
4805, 64240
4807, 64240
4808, 64240
4809, 64240
4810, 64240
4811, 64240
4812, 64240
4813, 64240
4814, 64240
4816, 64240
4817, 64240
4818, 64240
4819, 64240
4820, 64240
4821, 64240
4822, 64240
4823, 64240
4824, 64240
4825, 64240
4826, 64240
4827, 64240
4828, 64240
4830, 64240
4831, 64240
4832, 64240
4833, 64240
4834, 64240
4835, 64240
4836, 64240
4837, 64240
4839, 64240
4840, 64240
4841, 64240
4842, 64240
4843, 64240
4844, 62780
4845, 61320
4846, 59860
4847, 58400
4848, 56940
4849, 55480
4850, 54020
4851, 52560
4852, 51100
4853, 49640
4854, 48180
4855, 46720
4856, 45260
4857, 43800
4859, 42340
4860, 40880
4861, 39420
4862, 37960
4863, 36500
4864, 35040
4865, 33580
4866, 32120
4867, 30660
4868, 29200
4869, 27740
4870, 26280
4871, 24820
4872, 23360
4873, 21900
4874, 20440
4875, 18980
4876, 17520
4877, 16060
4878, 14600
4879, 13140
4880, 11680
4881, 10220
4882, 8760
4883, 7300
4884, 5840
4885, 4380
4886, 2920
4887, 1460
4888, 43800
4891, 42340
4892, 40880
4893, 39420
4894, 37960
4895, 36500
4896, 35040
4897, 33580
4898, 32120
4899, 30660
4900, 29200
4901, 27740
4902, 26280
4903, 24820
4904, 23360
4905, 21900
4906, 20440
4907, 18980
4908, 17520
4909, 16060
4910, 14600
4911, 13140
4912, 11680
4913, 10220
4914, 8760
4915, 7300
4916, 5840
4917, 4380
4918, 2920
4919, 1460
4920, 0
4923, 0
4924, 51100
4927, 49640
4928, 48180
4930, 46720
4931, 45260
4932, 43800
4934, 42340
4935, 40880
4936, 39420
4938, 37960
4940, 36500
4941, 35040
4942, 33580
4943, 32120
4945, 30660
4946, 29200
4947, 27740
4948, 26280
4949, 24820
4950, 23360
4951, 21900
4952, 20440
4953, 18980
4954, 17520
4955, 16060
4956, 14600
4957, 13140
4958, 11680
4959, 10220
4960, 8760
4961, 7300
4962, 5840
4963, 4380
4964, 2920
4965, 1460
4966, 59860
4969, 58400
4970, 56940
4972, 55480
4973, 54020
4974, 52560
4975, 51100
4976, 49640
4977, 48180
4978, 46720
4979, 45260
4980, 43800
4981, 42340
4982, 40880
4983, 39420
4985, 37960
4986, 36500
4987, 35040
4988, 33580
4989, 32120
4990, 30660
4991, 29200
4992, 27740
4993, 26280
4994, 24820
4995, 23360
4996, 21900
4997, 20440
4998, 18980
4999, 17520
5000, 16060
5001, 14600
5002, 13140
5003, 11680
5004, 10220
5005, 8760
5006, 7300
5007, 5840
5008, 4380
5009, 2920
5010, 1460
5012, 0
5013, 0
5014, 59860
5017, 58400
5020, 56940
5021, 55480
5024, 54020
5025, 52560
5026, 51100
5027, 49640
5028, 48180
5029, 46720
5030, 45260
5031, 43800
5032, 42340
5033, 40880
5034, 39420
5035, 37960
5036, 36500
5037, 35040
5038, 33580
5039, 32120
5040, 30660
5041, 29200
5042, 27740
5044, 26280
5045, 24820
5046, 23360
5047, 21900
5048, 20440
5049, 18980
5050, 17520
5051, 16060
5052, 14600
5053, 13140
5054, 11680
5055, 10220
5056, 8760
5057, 7300
5058, 5840
5059, 4380
5060, 2920
5061, 1460
5062, 64240
5066, 64240
5067, 64240
5068, 64240
5069, 64240
5070, 64240
5071, 64240
5073, 64240
5074, 64240
5075, 64240
5077, 64240
5078, 62780
5079, 61320
5080, 59860
5081, 58400
5082, 56940
5083, 55480
5084, 54020
5085, 52560
5086, 51100
5087, 49640
5088, 48180
5089, 46720
5090, 45260
5091, 43800
5092, 42340
5093, 40880
5094, 39420
5096, 37960
5097, 36500
5098, 35040
5099, 33580
5100, 32120
5101, 30660
5102, 29200
5103, 27740
5104, 26280
5105, 24820
5106, 23360
5107, 21900
5108, 20440
5109, 18980
5110, 17520
5111, 16060
5112, 14600
5113, 13140
5114, 11680
5115, 10220
5116, 8760
5117, 7300
5118, 5840
5119, 4380
5120, 2920
5121, 1460
5122, 0
5125, 0
5126, 64240
5128, 62780
5130, 61320
5131, 59860
5133, 58400
5134, 56940
5135, 55480
5137, 54020
5138, 52560
5139, 51100
5140, 49640
5142, 48180
5143, 46720
5144, 45260
5145, 43800
5147, 42340
5148, 40880
5149, 39420
5151, 37960
5152, 36500
5153, 35040
5154, 33580
5155, 32120
5156, 30660
5157, 29200
5158, 27740
5159, 26280
5160, 24820
5161, 23360
5162, 21900
5163, 20440
5164, 18980
5165, 17520
5166, 16060
5167, 14600
5168, 13140
5169, 11680
5170, 10220
5171, 8760
5172, 7300
5173, 5840
5174, 4380
5175, 2920
5176, 1460
5177, 64240
5181, 64240
5182, 64240
5183, 64240
5184, 64240
5185, 64240
5186, 64240
5187, 64240
5188, 64240
5189, 64240
5190, 64240
5191, 64240
5193, 64240
5194, 64240
5195, 64240
5196, 62780
5197, 61320
5198, 59860
5199, 58400
5200, 56940
5201, 55480
5203, 54020
5204, 52560
5205, 51100
5206, 49640
5207, 48180
5208, 46720
5209, 45260
5210, 43800
5211, 42340
5212, 40880
5213, 39420
5214, 37960
5215, 36500
5216, 35040
5217, 33580
5218, 32120
5219, 30660
5220, 29200
5221, 27740
5222, 26280
5223, 24820
5225, 23360
5226, 21900
5227, 20440
5228, 18980
5229, 17520
5230, 16060
5231, 14600
5232, 13140
5233, 11680
5234, 10220
5235, 8760
5236, 7300
5237, 5840
5238, 4380
5239, 2920
5240, 1460
5242, 0
5243, 0
5244, 64240
5247, 64240
5250, 64240
5251, 64240
5252, 64240
5254, 64240
5255, 64240
5256, 64240
5257, 64240
5258, 64240
5259, 64240
5260, 64240
5261, 64240
5262, 64240
5263, 64240
5264, 64240
5265, 64240
5266, 64240
5268, 64240
5269, 64240
5270, 64240
5271, 64240
5272, 64240
5273, 64240
5274, 64240
5275, 64240
5277, 64240
5278, 64240
5279, 64240
5280, 64240
5281, 64240
5282, 64240
5284, 64240
5285, 64240
5286, 64240
5287, 64240
5288, 64240
5289, 64240
5290, 64240
5291, 64240
5292, 64240
5293, 64240
5294, 64240
5295, 64240
5296, 64240
5297, 64240
5298, 64240
5299, 64240
5300, 64240
5301, 64240
5302, 64240
5303, 64240
5304, 64240
5305, 64240
5306, 64240
5307, 64240
5308, 64240
5309, 64240
5312, 64240
5313, 64240
5314, 64240
5316, 64240
5317, 64240
5318, 64240
5319, 64240
5320, 64240
5321, 64240
5322, 64240
5324, 64240
5325, 64240
5326, 64240
5327, 64240
5328, 64240
5329, 64240
5330, 64240
5331, 64240
5332, 64240
5333, 64240
5334, 64240
5335, 64240
5336, 64240
5337, 64240
5339, 64240
5340, 64240
5341, 64240
5342, 64240
5343, 64240
5344, 64240
5345, 64240
5347, 64240
5348, 64240
5349, 64240
5350, 64240
5351, 64240
5352, 64240
5353, 64240
5354, 64240
5355, 64240
5356, 64240
5357, 64240
5358, 64240
5359, 64240
5360, 64240
5361, 64240
5363, 64240
5364, 64240
5365, 64240
5366, 64240
5367, 64240
5368, 64240
5370, 64240
5371, 64240
5372, 64240
5373, 64240
5374, 64240
5375, 64240
5376, 64240
5377, 64240
5378, 64240
5379, 64240
5380, 64240
5381, 64240
5382, 64240
5383, 64240
5384, 64240
5386, 64240
5387, 64240
5388, 64240
5389, 64240
5390, 64240
5391, 64240
5392, 64240
5394, 64240
5395, 64240
5396, 64240
5397, 64240
5398, 64240
5399, 64240
5400, 64240
5401, 64240
5402, 64240
5403, 64240
5404, 64240
5405, 64240
5406, 64240
5407, 64240
5408, 64240
5410, 64240
5411, 64240
5412, 64240
5413, 64240
5414, 64240
5415, 64240
5416, 64240
5418, 64240
5419, 64240
5420, 64240
5421, 64240
5422, 64240
5423, 64240
5424, 64240
5425, 64240
5426, 64240
5427, 64240
5428, 64240
5429, 64240
5430, 64240
5431, 64240
5432, 64240
5434, 64240
5435, 64240
5436, 64240
5437, 64240
5438, 64240
5439, 64240
5440, 64240
5442, 64240
5443, 64240
5444, 64240
5445, 64240
5446, 64240
5447, 64240
5448, 64240
5449, 64240
5450, 64240
5451, 64240
5452, 64240
5453, 64240
5454, 64240
5455, 64240
5456, 64240
5457, 64240
5458, 64240
5459, 64240
5461, 64240
5462, 64240
5463, 64240
5464, 64240
5466, 64240
5467, 64240
5468, 64240
5469, 64240
5470, 64240
5471, 64240
5472, 64240
5473, 64240
5474, 64240
5475, 64240
5476, 64240
5477, 64240
5478, 64240
5479, 64240
5480, 64240
5481, 64240
5482, 64240
5483, 64240
5484, 64240
5485, 64240
5486, 64240
5487, 64240
5490, 64240
5491, 64240
5492, 64240
5493, 64240
5494, 64240
5495, 64240
5496, 64240
5497, 64240
5498, 64240
5499, 64240
5500, 64240
5501, 64240
5502, 64240
5503, 64240
5504, 64240
5506, 64240
5507, 64240
5508, 64240
5509, 64240
5510, 64240
5511, 64240
5512, 64240
5514, 64240
5515, 64240
5516, 64240
5517, 64240
5518, 64240
5519, 64240
5520, 64240
5521, 64240
5522, 64240
5523, 64240
5524, 64240
5525, 64240
5526, 64240
5527, 64240
5528, 64240
5530, 64240
5531, 64240
5532, 64240
5533, 64240
5534, 64240
5535, 64240
5536, 64240
5538, 64240
5539, 64240
5540, 64240
5541, 64240
5542, 64240
5543, 64240
5544, 64240
5545, 64240
5546, 64240
5547, 64240
5548, 64240
5549, 64240
5550, 64240
5551, 64240
5552, 64240
5554, 64240
5555, 62780
5556, 61320
5557, 59860
5558, 58400
5559, 56940
5560, 55480
5561, 54020
5562, 52560
5563, 51100
5564, 49640
5565, 48180
5566, 46720
5567, 45260
5568, 43800
5569, 42340
5570, 40880
5571, 39420
5572, 37960
5573, 36500
5574, 35040
5575, 33580
5576, 32120
5577, 30660
5578, 29200
5579, 27740
5580, 26280
5581, 24820
5583, 23360
5584, 21900
5585, 20440
5586, 18980
5587, 17520
5588, 16060
5589, 14600
5590, 13140
5591, 11680
5592, 10220
5593, 8760
5594, 7300
5595, 5840
5596, 4380
5597, 2920
5598, 1460
5599, 64240
5603, 64240
5604, 64240
5605, 64240
5606, 64240
5607, 62780
5608, 61320
5609, 59860
5610, 58400
5611, 56940
5612, 55480
5613, 54020
5614, 52560
5615, 51100
5616, 49640
5617, 48180
5619, 46720
5620, 45260
5621, 43800
5622, 42340
5623, 40880
5624, 39420
5625, 37960
5626, 36500
5627, 35040
5628, 33580
5629, 32120
5630, 30660
5631, 29200
5632, 27740
5633, 26280
5634, 24820
5635, 23360
5636, 21900
5637, 20440
5638, 18980
5639, 17520
5640, 16060
5641, 14600
5642, 13140
5643, 11680
5644, 10220
5645, 8760
5646, 7300
5647, 5840
5648, 4380
5649, 2920
5650, 1460
5652, 0
5653, 0
5655, 61320
5658, 59860
5662, 58400
5663, 56940
5664, 55480
5665, 54020
5666, 52560
5667, 51100
5668, 49640
5669, 48180
5670, 46720
5671, 45260
5672, 43800
5673, 42340
5674, 40880
5675, 39420
5676, 37960
5677, 36500
5678, 35040
5679, 33580
5680, 32120
5681, 30660
5682, 29200
5683, 27740
5684, 26280
5685, 24820
5686, 23360
5687, 21900
5688, 20440
5689, 18980
5690, 17520
5691, 16060
5692, 14600
5693, 13140
5694, 11680
5695, 10220
5696, 8760
5697, 7300
5698, 5840
5699, 4380
5700, 2920
5701, 1460
5702, 0
5703, 61320
5707, 59860
5708, 58400
5709, 56940
5710, 55480
5711, 54020
5712, 52560
5713, 51100
5714, 49640
5715, 48180
5716, 46720
5717, 45260
5718, 43800
5719, 42340
5720, 40880
5721, 39420
5722, 37960
5723, 36500
5724, 35040
5725, 33580
5726, 32120
5727, 30660
5728, 29200
5729, 27740
5730, 26280
5731, 24820
5732, 23360
5733, 21900
5734, 20440
5735, 18980
5736, 17520
5737, 16060
5738, 14600
5739, 13140
5740, 11680
5741, 10220
5742, 8760
5743, 7300
5744, 5840
5745, 4380
5746, 2920
5747, 1460
5748, 0
5751, 0
5753, 0
5754, 64240
5759, 62780
5761, 61320
5763, 59860
5764, 58400
5765, 56940
5766, 55480
5769, 54020
5770, 52560
5771, 51100
5772, 49640
5775, 48180
5776, 46720
5777, 45260
5778, 43800
5779, 42340
5780, 40880
5781, 39420
5784, 37960
5785, 36500
5786, 35040
5787, 33580
5788, 32120
5789, 30660
5790, 29200
5791, 27740
5792, 26280
5793, 24820
5795, 23360
5796, 21900
5797, 20440
5798, 18980
5799, 17520
5800, 16060
5801, 14600
5802, 13140
5803, 11680
5804, 10220
5805, 8760
5806, 7300
5807, 5840
5808, 4380
5809, 2920
5810, 1460
5811, 64240
5815, 64240
5816, 64240
5817, 64240
5818, 64240
5819, 64240
5820, 64240
5822, 64240
5823, 64240
5824, 62780
5825, 61320
5826, 59860
5827, 58400
5828, 56940
5829, 55480
5830, 54020
5831, 52560
5832, 51100
5834, 49640
5835, 48180
5836, 46720
5837, 45260
5838, 43800
5839, 42340
5840, 40880
5841, 39420
5842, 37960
5843, 36500
5844, 35040
5845, 33580
5846, 32120
5847, 30660
5848, 29200
5849, 27740
5850, 26280
5851, 24820
5852, 23360
5853, 21900
5854, 20440
5855, 18980
5856, 17520
5857, 16060
5858, 14600
5859, 13140
5860, 11680
5861, 10220
5862, 8760
5863, 7300
5864, 5840
5865, 4380
5866, 2920
5867, 1460
5868, 0
5871, 0
5872, 64240
5874, 64240
5875, 64240
5876, 64240
5877, 62780
5878, 61320
5879, 59860
5881, 58400
5882, 56940
5883, 55480
5884, 54020
5886, 52560
5887, 51100
5888, 49640
5889, 48180
5891, 46720
5892, 45260
5893, 43800
5895, 42340
5896, 40880
5897, 39420
5898, 37960
5899, 36500
5900, 35040
5901, 33580
5902, 32120
5904, 30660
5905, 29200
5906, 27740
5907, 26280
5908, 24820
5909, 23360
5910, 21900
5911, 20440
5912, 18980
5913, 17520
5914, 16060
5915, 14600
5916, 13140
5917, 11680
5918, 10220
5919, 8760
5920, 7300
5921, 5840
5922, 4380
5923, 2920
5924, 1460
5926, 0
5927, 0
5929, 64240
5932, 62780
5935, 61320
5936, 59860
5937, 58400
5938, 56940
5940, 55480
5941, 54020
5942, 52560
5943, 51100
5944, 49640
5945, 48180
5946, 46720
5947, 45260
5948, 43800
5949, 42340
5950, 40880
5951, 39420
5952, 37960
5953, 36500
5954, 35040
5955, 33580
5956, 32120
5958, 30660
5959, 29200
5960, 27740
5961, 26280
5962, 24820
5963, 23360
5964, 21900
5965, 20440
5966, 18980
5967, 17520
5968, 16060
5969, 14600
5970, 13140
5971, 11680
5972, 10220
5973, 8760
5974, 7300
5975, 5840
5976, 4380
5977, 2920
5978, 1460
5979, 64240
5982, 64240
5983, 64240
5984, 64240
5985, 64240
5987, 64240
5988, 64240
5989, 64240
5990, 64240
5991, 64240
5992, 64240
5993, 64240
5994, 64240
5995, 64240
5996, 64240
5997, 64240
5998, 64240
5999, 64240
6001, 64240
6002, 64240
6003, 64240
6004, 64240
6005, 64240
6006, 64240
6007, 64240
6008, 64240
6010, 64240
6011, 64240
6012, 64240
6013, 62780
6014, 61320
6015, 59860
6016, 58400
6017, 56940
6018, 55480
6019, 54020
6020, 52560
6021, 51100
6022, 49640
6023, 48180
6024, 46720
6025, 45260
6026, 43800
6027, 42340
6028, 40880
6029, 39420
6030, 37960
6031, 36500
6032, 35040
6034, 33580
6035, 32120
6036, 30660
6037, 29200
6038, 27740
6039, 26280
6040, 24820
6041, 23360
6042, 21900
6043, 20440
6044, 18980
6045, 17520
6046, 16060
6047, 14600
6048, 13140
6049, 11680
6050, 10220
6051, 8760
6052, 7300
6053, 5840
6054, 4380
6055, 2920
6056, 1460
6058, 0
6059, 0
6061, 62780
6064, 61320
6069, 59860
6070, 58400
6071, 56940
6072, 55480
6073, 54020
6074, 52560
6075, 51100
6076, 49640
6077, 48180
6078, 46720
6079, 45260
6080, 43800
6081, 42340
6082, 40880
6083, 39420
6084, 37960
6085, 36500
6086, 35040
6087, 33580
6088, 32120
6089, 30660
6090, 29200
6091, 27740
6092, 26280
6093, 24820
6094, 23360
6095, 21900
6096, 20440
6097, 18980
6098, 17520
6099, 16060
6100, 14600
6101, 13140
6102, 11680
6103, 10220
6104, 8760
6105, 7300
6106, 5840
6107, 4380
6109, 2920
6110, 1460
6111, 0
6112, 64240
6116, 64240
6117, 64240
6118, 64240
6119, 62780
6120, 61320
6121, 59860
6122, 58400
6123, 56940
6125, 55480
6126, 54020
6127, 52560
6128, 51100
6129, 49640
6130, 48180
6131, 46720
6132, 45260
6133, 43800
6134, 42340
6135, 40880
6136, 39420
6137, 37960
6138, 36500
6139, 35040
6140, 33580
6141, 32120
6142, 30660
6143, 29200
6144, 27740
6145, 26280
6146, 24820
6147, 23360
6148, 21900
6149, 20440
6150, 18980
6151, 17520
6152, 16060
6153, 14600
6154, 13140
6155, 11680
6156, 10220
6157, 8760
6158, 7300
6159, 5840
6160, 4380
6161, 2920
6162, 1460
6164, 0
6165, 0
6167, 64240
6170, 64240
6174, 64240
6176, 64240
6177, 64240
6178, 64240
6179, 64240
6180, 64240
6181, 64240
6182, 64240
6183, 64240
6184, 64240
6185, 64240
6186, 64240
6187, 64240
6188, 64240
6189, 64240
6190, 64240
6191, 64240
6192, 64240
6193, 64240
6194, 64240
6196, 64240
6197, 64240
6198, 64240
6199, 64240
6200, 64240
6201, 64240
6203, 64240
6204, 64240
6205, 64240
6206, 64240
6207, 64240
6208, 64240
6209, 64240
6211, 64240
6212, 64240
6213, 64240
6214, 64240
6215, 64240
6216, 64240
6217, 64240
6218, 64240
6219, 64240
6220, 64240
6221, 64240
6222, 64240
6223, 64240
6224, 64240
6225, 64240
6227, 64240
6228, 64240
6229, 64240
6230, 64240
6231, 64240
6232, 64240
6233, 64240
6235, 64240
6236, 64240
6237, 64240
6238, 64240
6239, 64240
6240, 64240
6241, 64240
6242, 64240
6243, 64240
6244, 64240
6245, 64240
6246, 64240
6247, 64240
6248, 64240
6249, 64240
6251, 64240
6252, 64240
6253, 64240
6254, 64240
6255, 64240
6256, 64240
6257, 64240
6259, 64240
6260, 64240
6261, 64240
6262, 64240
6263, 64240
6264, 64240
6265, 64240
6266, 64240
6267, 64240
6268, 64240
6269, 64240
6270, 64240
6271, 62780
6272, 61320
6273, 59860
6274, 58400
6275, 56940
6276, 55480
6277, 54020
6278, 52560
6280, 51100
6281, 49640
6282, 48180
6283, 46720
6284, 45260
6285, 43800
6286, 42340
6287, 40880
6288, 39420
6289, 37960
6290, 36500
6291, 35040
6292, 33580
6293, 32120
6294, 30660
6295, 29200
6296, 27740
6297, 26280
6298, 24820
6299, 23360
6300, 21900
6301, 20440
6302, 18980
6303, 17520
6304, 16060
6305, 14600
6306, 13140
6307, 11680
6308, 10220
6309, 8760
6310, 7300
6311, 5840
6312, 4380
6313, 2920
6314, 1460
6315, 64240
6318, 62780
6319, 61320
6320, 59860
6321, 58400
6322, 56940
6323, 55480
6324, 54020
6325, 52560
6326, 51100
6327, 49640
6328, 48180
6330, 46720
6331, 45260
6332, 43800
6333, 42340
6334, 40880
6335, 39420
6336, 37960
6337, 36500
6338, 35040
6339, 33580
6340, 32120
6341, 30660
6342, 29200
6343, 27740
6344, 26280
6345, 24820
6346, 23360
6347, 21900
6348, 20440
6349, 18980
6350, 17520
6351, 16060
6352, 14600
6353, 13140
6354, 11680
6355, 10220
6356, 8760
6357, 7300
6358, 5840
6359, 4380
6360, 2920
6361, 1460
6362, 0
6365, 0
6367, 0
6368, 61320
6370, 59860
6372, 58400
6374, 56940
6375, 55480
6377, 54020
6378, 52560
6379, 51100
6381, 49640
6382, 48180
6383, 46720
6384, 45260
6385, 43800
6386, 42340
6387, 40880
6389, 39420
6390, 37960
6391, 36500
6392, 35040
6394, 33580
6396, 32120
6397, 30660
6398, 29200
6399, 27740
6400, 26280
6401, 24820
6402, 23360
6403, 21900
6404, 20440
6405, 18980
6406, 17520
6407, 16060
6408, 14600
6409, 13140
6410, 11680
6411, 10220
6412, 8760
6413, 7300
6414, 5840
6415, 4380
6416, 2920
6417, 1460
6418, 0
6419, 61320
6423, 59860
6424, 58400
6425, 56940
6426, 55480
6427, 54020
6428, 52560
6429, 51100
6430, 49640
6431, 48180
6432, 46720
6433, 45260
6434, 43800
6435, 42340
6436, 40880
6437, 39420
6438, 37960
6439, 36500
6441, 35040
6442, 33580
6443, 32120
6444, 30660
6445, 29200
6446, 27740
6447, 26280
6448, 24820
6449, 23360
6450, 21900
6451, 20440
6452, 18980
6453, 17520
6454, 16060
6455, 14600
6456, 13140
6457, 11680
6458, 10220
6459, 8760
6460, 7300
6461, 5840
6462, 4380
6463, 2920
6464, 1460
6465, 0
6468, 0
6469, 62780
6472, 61320
6475, 59860
6476, 58400
6477, 56940
6478, 55480
6479, 54020
6480, 52560
6485, 51100
6486, 49640
6487, 48180
6488, 46720
6489, 45260
6490, 43800
6491, 42340
6494, 40880
6495, 39420
6496, 37960
6497, 36500
6498, 35040
6499, 33580
6500, 32120
6501, 30660
6502, 29200
6503, 27740
6504, 26280
6505, 24820
6506, 23360
6507, 21900
6508, 20440
6509, 18980
6510, 17520
6511, 16060
6512, 14600
6513, 13140
6514, 11680
6515, 10220
6517, 8760
6518, 7300
6519, 5840
6520, 4380
6521, 2920
6522, 1460
6523, 0
6524, 64240
6528, 64240
6529, 64240
6530, 64240
6531, 64240
6532, 62780
6533, 61320
6534, 59860
6535, 58400
6536, 56940
6537, 55480
6538, 54020
6540, 52560
6541, 51100
6542, 49640
6543, 48180
6544, 46720
6545, 45260
6546, 43800
6547, 42340
6548, 40880
6549, 39420
6550, 37960
6551, 36500
6552, 35040
6553, 33580
6554, 32120
6555, 30660
6556, 29200
6557, 27740
6558, 26280
6559, 24820
6560, 23360
6561, 21900
6562, 20440
6563, 18980
6564, 17520
6565, 16060
6566, 14600
6567, 13140
6568, 11680
6569, 10220
6570, 8760
6571, 7300
6572, 5840
6573, 4380
6574, 2920
6575, 1460
6576, 0
6579, 0
6580, 64240
6583, 64240
6587, 62780
6588, 61320
6589, 59860
6590, 58400
6591, 56940
6592, 55480
6593, 54020
6594, 52560
6598, 51100
6599, 49640
6600, 48180
6603, 46720
6604, 45260
6605, 43800
6606, 42340
6608, 40880
6610, 39420
6611, 37960
6612, 36500
6613, 35040
6614, 33580
6615, 32120
6616, 30660
6617, 29200
6618, 27740
6619, 26280
6620, 24820
6621, 23360
6622, 21900
6623, 20440
6624, 18980
6625, 17520
6626, 16060
6627, 14600
6628, 13140
6629, 11680
6630, 10220
6631, 8760
6632, 7300
6633, 5840
6634, 4380
6636, 2920
6637, 1460
6638, 0
6639, 64240
6643, 64240
6644, 64240
6645, 64240
6646, 64240
6647, 64240
6648, 64240
6649, 64240
6651, 62780
6652, 61320
6653, 59860
6654, 58400
6655, 56940
6656, 55480
6657, 54020
6658, 52560
6659, 51100
6660, 49640
6661, 48180
6662, 46720
6663, 45260
6664, 43800
6665, 42340
6666, 40880
6667, 39420
6668, 37960
6669, 36500
6670, 35040
6671, 33580
6672, 32120
6673, 30660
6674, 29200
6675, 27740
6676, 26280
6677, 24820
6678, 23360
6680, 21900
6681, 20440
6682, 18980
6683, 17520
6684, 16060
6685, 14600
6686, 13140
6687, 11680
6688, 10220
6689, 8760
6690, 7300
6691, 5840
6692, 4380
6693, 2920
6694, 1460
6696, 0
6697, 0
6699, 64240
6702, 64240
6706, 62780
6707, 61320
6708, 59860
6709, 58400
6710, 56940
6711, 55480
6712, 54020
6713, 52560
6714, 51100
6715, 49640
6716, 48180
6717, 46720
6718, 45260
6719, 43800
6720, 42340
6721, 40880
6722, 39420
6723, 37960
6724, 36500
6725, 35040
6726, 33580
6727, 32120
6728, 30660
6729, 29200
6730, 27740
6731, 26280
6732, 24820
6733, 23360
6734, 21900
6735, 20440
6736, 18980
6737, 17520
6738, 16060
6739, 14600
6740, 13140
6741, 11680
6742, 10220
6743, 8760
6744, 7300
6745, 5840
6746, 4380
6747, 2920
6748, 1460
6749, 64240
6753, 64240
6754, 64240
6755, 64240
6756, 64240
6758, 64240
6759, 64240
6760, 64240
6761, 64240
6762, 64240
6763, 64240
6764, 64240
6765, 64240
6766, 64240
6767, 64240
6768, 64240
6769, 64240
6770, 62780
6771, 61320
6772, 59860
6774, 58400
6775, 56940
6776, 55480
6777, 54020
6778, 52560
6779, 51100
6780, 49640
6781, 48180
6782, 46720
6783, 45260
6784, 43800
6785, 42340
6786, 40880
6787, 39420
6788, 37960
6789, 36500
6790, 35040
6791, 33580
6792, 32120
6793, 30660
6794, 29200
6795, 27740
6796, 26280
6797, 24820
6798, 23360
6799, 21900
6800, 20440
6801, 18980
6802, 17520
6803, 16060
6804, 14600
6805, 13140
6806, 11680
6807, 10220
6808, 8760
6809, 7300
6810, 5840
6811, 4380
6812, 2920
6813, 1460
6814, 0
6817, 0
6819, 0
6820, 64240
6823, 64240
6825, 64240
6827, 64240
6828, 64240
6830, 64240
6831, 64240
6832, 64240
6834, 64240
6835, 64240
6836, 64240
6837, 64240
6839, 64240
6840, 64240
6841, 64240
6843, 64240
6844, 64240
6845, 64240
6846, 64240
6847, 64240
6849, 64240
6850, 64240
6851, 64240
6853, 64240
6854, 64240
6855, 64240
6856, 64240
6857, 64240
6858, 64240
6859, 64240
6860, 64240
6862, 64240
6863, 64240
6864, 64240
6865, 64240
6866, 64240
6867, 64240
6868, 64240
6869, 64240
6871, 64240
6872, 64240
6873, 64240
6874, 64240
6875, 64240
6876, 64240
6877, 64240
6878, 64240
6879, 64240
6880, 64240
6881, 64240
6882, 64240
6884, 64240
6885, 64240
6886, 64240
6887, 64240
6888, 64240
6889, 64240
6890, 64240
6891, 64240
6893, 64240
6894, 64240
6895, 64240
6896, 64240
6897, 64240
6898, 64240
6899, 64240
6900, 64240
6901, 64240
6902, 64240
6903, 64240
6904, 64240
6906, 64240
6907, 64240
6908, 64240
6909, 64240
6910, 64240
6911, 64240
6912, 64240
6913, 64240
6915, 64240
6916, 64240
6917, 64240
6918, 64240
6919, 64240
6920, 64240
6921, 64240
6922, 64240
6923, 64240
6924, 64240
6925, 64240
6926, 64240
6927, 64240
6928, 64240
6930, 64240
6931, 64240
6932, 64240
6933, 64240
6934, 64240
6935, 64240
6936, 64240
6937, 64240
6938, 64240
6939, 64240
6940, 64240
6941, 64240
6942, 62780
6943, 61320
6944, 59860
6945, 58400
6946, 56940
6947, 55480
6948, 54020
6949, 52560
6950, 51100
6952, 49640
6953, 48180
6954, 46720
6955, 45260
6956, 43800
6957, 42340
6958, 40880
6959, 39420
6960, 37960
6961, 36500
6962, 35040
6963, 33580
6964, 32120
6965, 30660
6966, 29200
6967, 27740
6968, 26280
6970, 24820
6971, 23360
6972, 21900
6973, 20440
6974, 18980
6975, 17520
6976, 16060
6977, 14600
6978, 13140
6979, 11680
6980, 10220
6981, 8760
6982, 7300
6983, 5840
6984, 4380
6985, 2920
6986, 1460
6987, 62780
6990, 61320
6991, 59860
6992, 58400
6993, 56940
6994, 55480
6995, 54020
6996, 52560
6997, 51100
6998, 49640
6999, 48180
7000, 46720
7001, 45260
7002, 43800
7003, 42340
7004, 40880
7005, 39420
7006, 37960
7007, 36500
7009, 35040
7010, 33580
7011, 32120
7012, 30660
7013, 29200
7014, 27740
7015, 26280
7016, 24820
7017, 23360
7018, 21900
7019, 20440
7020, 18980
7021, 17520
7022, 16060
7023, 14600
7024, 13140
7025, 11680
7026, 10220
7027, 8760
7028, 7300
7029, 5840
7030, 4380
7031, 2920
7032, 1460
7034, 0
7035, 0
7037, 62780
7040, 61320
7043, 59860
7044, 58400
7045, 56940
7047, 55480
7048, 54020
7049, 52560
7050, 51100
7051, 49640
7052, 48180
7053, 46720
7054, 45260
7055, 43800
7056, 42340
7057, 40880
7058, 39420
7059, 37960
7060, 36500
7061, 35040
7062, 33580
7063, 32120
7064, 30660
7065, 29200
7066, 27740
7067, 26280
7068, 24820
7069, 23360
7070, 21900
7071, 20440
7072, 18980
7073, 17520
7074, 16060
7075, 14600
7076, 13140
7077, 11680
7078, 10220
7079, 8760
7080, 7300
7081, 5840
7082, 4380
7083, 2920
7084, 1460
7085, 62780
7088, 61320
7089, 59860
7090, 58400
7091, 56940
7092, 55480
7094, 54020
7095, 52560
7096, 51100
7097, 49640
7098, 48180
7099, 46720
7100, 45260
7101, 43800
7102, 42340
7103, 40880
7104, 39420
7105, 37960
7106, 36500
7107, 35040
7108, 33580
7109, 32120
7110, 30660
7111, 29200
7112, 27740
7113, 26280
7114, 24820
7115, 23360
7116, 21900
7117, 20440
7118, 18980
7119, 17520
7120, 16060
7121, 14600
7122, 13140
7123, 11680
7124, 10220
7125, 8760
7126, 7300
7127, 5840
7128, 4380
7129, 2920
7130, 1460
7132, 0
7133, 0
7135, 61320
7138, 59860
7141, 58400
7142, 56940
7143, 55480
7144, 54020
7145, 52560
7146, 51100
7147, 49640
7148, 48180
7149, 46720
7150, 45260
7151, 43800
7152, 42340
7153, 40880
7154, 39420
7155, 37960
7156, 36500
7157, 35040
7158, 33580
7159, 32120
7160, 30660
7161, 29200
7162, 27740
7163, 26280
7164, 24820
7165, 23360
7166, 21900
7167, 20440
7168, 18980
7169, 17520
7170, 16060
7171, 14600
7172, 13140
7173, 11680
7174, 10220
7175, 8760
7176, 7300
7177, 5840
7178, 4380
7179, 2920
7180, 1460
7181, 64240
7185, 62780
7186, 61320
7187, 59860
7188, 58400
7189, 56940
7190, 55480
7191, 54020
7192, 52560
7193, 51100
7194, 49640
7195, 48180
7196, 46720
7197, 45260
7198, 43800
7199, 42340
7200, 40880
7201, 39420
7202, 37960
7203, 36500
7204, 35040
7205, 33580
7206, 32120
7207, 30660
7208, 29200
7209, 27740
7210, 26280
7211, 24820
7212, 23360
7213, 21900
7214, 20440
7215, 18980
7216, 17520
7217, 16060
7218, 14600
7219, 13140
7220, 11680
7221, 10220
7222, 8760
7223, 7300
7224, 5840
7225, 4380
7226, 2920
7227, 1460
7228, 0
7231, 0
7232, 62780
7235, 61320
7237, 59860
7238, 58400
7239, 56940
7241, 55480
7242, 54020
7243, 52560
7245, 51100
7246, 49640
7247, 48180
7248, 46720
7250, 45260
7251, 43800
7252, 42340
7253, 40880
7254, 39420
7256, 37960
7257, 36500
7258, 35040
7259, 33580
7261, 32120
7262, 30660
7263, 29200
7264, 27740
7265, 26280
7266, 24820
7267, 23360
7268, 21900
7269, 20440
7270, 18980
7271, 17520
7272, 16060
7273, 14600
7274, 13140
7275, 11680
7276, 10220
7277, 8760
7278, 7300
7279, 5840
7280, 4380
7281, 2920
7282, 1460
7283, 64240
7287, 64240
7288, 64240
7289, 64240
7290, 64240
7291, 64240
7292, 64240
7294, 62780
7295, 61320
7296, 59860
7297, 58400
7298, 56940
7299, 55480
7300, 54020
7301, 52560
7302, 51100
7303, 49640
7304, 48180
7306, 46720
7307, 45260
7308, 43800
7309, 42340
7310, 40880
7311, 39420
7312, 37960
7313, 36500
7314, 35040
7315, 33580
7316, 32120
7317, 30660
7318, 29200
7319, 27740
7320, 26280
7321, 24820
7322, 23360
7323, 21900
7324, 20440
7325, 18980
7327, 17520
7328, 16060
7329, 14600
7330, 13140
7331, 11680
7332, 10220
7333, 8760
7334, 7300
7335, 5840
7336, 4380
7337, 2920
7338, 1460
7339, 0
7342, 0
7343, 64240
7345, 64240
7346, 62780
7347, 61320
7348, 59860
7349, 58400
7351, 56940
7352, 55480
7353, 64240
7355, 64240
7357, 64240
7358, 64240
7359, 64240
7360, 64240
7361, 64240
7363, 64240
7364, 64240
7365, 64240
7367, 64240
7368, 64240
7369, 64240
7370, 64240
7371, 64240
7372, 64240
7374, 64240
7375, 64240
7376, 64240
7377, 64240
7378, 64240
7379, 64240
7380, 64240
7381, 64240
7382, 64240
7383, 64240
7385, 64240
7387, 64240
7388, 64240
7389, 64240
7390, 64240
7391, 64240
7392, 64240
7393, 64240
7394, 64240
7395, 64240
7396, 64240
7397, 64240
7399, 64240
7400, 64240
7401, 64240
7402, 64240
7403, 64240
7404, 64240
7405, 64240
7406, 64240
7407, 64240
7408, 64240
7410, 64240
7411, 64240
7412, 64240
7413, 64240
7414, 64240
7415, 64240
7416, 64240
7417, 64240
7418, 64240
7419, 64240
7420, 64240
7422, 64240
7423, 64240
7424, 64240
7425, 64240
7426, 64240
7427, 64240
7428, 64240
7429, 64240
7430, 64240
7431, 64240
7433, 64240
7434, 64240
7435, 64240
7436, 64240
7437, 64240
7438, 64240
7439, 64240
7440, 64240
7441, 64240
7442, 64240
7443, 64240
7445, 64240
7446, 64240
7447, 64240
7448, 64240
7449, 64240
7450, 64240
7451, 64240
7452, 64240
7453, 64240
7454, 64240
7456, 64240
7457, 64240
7458, 64240
7459, 64240
7460, 64240
7461, 64240
7462, 64240
7463, 64240
7464, 64240
7465, 64240
7466, 64240
7467, 64240
7469, 64240
7470, 64240
7471, 64240
7472, 64240
7473, 64240
7474, 64240
7475, 64240
7476, 64240
7477, 64240
7478, 64240
7479, 64240
7480, 64240
7481, 64240
7482, 64240
7483, 64240
7484, 64240
7485, 64240
7487, 64240
7488, 64240
7489, 64240
7490, 64240
7492, 64240
7493, 64240
7494, 64240
7495, 64240
7496, 64240
7497, 64240
7498, 64240
7499, 64240
7500, 64240
7502, 64240
7503, 64240
7504, 64240
7505, 64240
7506, 64240
7507, 64240
7508, 64240
7509, 62780
7510, 61320
7511, 59860
7512, 58400
7513, 56940
7515, 55480
7516, 54020
7517, 52560
7518, 51100
7519, 49640
7520, 48180
7521, 46720
7522, 45260
7523, 43800
7524, 42340
7525, 40880
7526, 39420
7527, 37960
7528, 36500
7529, 35040
7530, 33580
7531, 32120
7532, 30660
7533, 29200
7534, 27740
7535, 26280
7536, 24820
7537, 23360
7538, 21900
7539, 20440
7540, 18980
7541, 17520
7542, 16060
7543, 14600
7544, 13140
7545, 11680
7546, 10220
7547, 8760
7549, 7300
7550, 5840
7551, 4380
7552, 2920
7553, 1460
7554, 0
7555, 64240
7559, 64240
7560, 64240
7561, 64240
7563, 64240
7564, 64240
7565, 64240
7566, 64240
7567, 64240
7568, 64240
7569, 64240
7570, 64240
7571, 62780
7573, 61320
7574, 59860
7575, 58400
7576, 56940
7577, 55480
7578, 54020
7579, 52560
7580, 51100
7581, 49640
7582, 48180
7583, 46720
7584, 45260
7585, 43800
7586, 42340
7587, 40880
7588, 39420
7589, 37960
7590, 36500
7592, 35040
7593, 33580
7594, 32120
7595, 30660
7596, 29200
7597, 27740
7598, 26280
7599, 24820
7600, 23360
7601, 21900
7602, 20440
7603, 18980
7604, 17520
7605, 16060
7606, 14600
7607, 13140
7608, 11680
7609, 10220
7610, 8760
7611, 7300
7612, 5840
7613, 4380
7614, 2920
7615, 1460
7616, 45260
7619, 43800
7620, 42340
7621, 40880
7622, 39420
7623, 37960
7624, 36500
7625, 35040
7626, 33580
7627, 32120
7628, 30660
7629, 29200
7630, 27740
7631, 26280
7632, 24820
7633, 23360
7634, 21900
7635, 20440
7636, 18980
7637, 17520
7638, 16060
7639, 14600
7640, 13140
7641, 11680
7642, 10220
7643, 8760
7644, 7300
7645, 5840
7646, 4380
7647, 2920
7648, 1460
7650, 0
7651, 0
7653, 49640
7656, 48180
7661, 46720
7662, 45260
7663, 64240
7664, 64240
7666, 64240
7667, 64240
7668, 64240
7669, 64240
7670, 64240
7671, 64240
7672, 64240
7673, 64240
7674, 64240
7676, 64240
7677, 64240
7678, 64240
7679, 64240
7680, 64240
7681, 64240
7682, 64240
7683, 64240
7684, 64240
7685, 64240
7686, 64240
7687, 64240
7688, 64240
7690, 64240
7691, 64240
7692, 64240
7693, 64240
7694, 64240
7695, 64240
7696, 64240
7697, 64240
7699, 64240
7700, 64240
7701, 64240
7702, 64240
7703, 64240
7704, 64240
7705, 64240
7706, 64240
7707, 64240
7708, 64240
7709, 64240
7710, 64240
7711, 64240
7712, 64240
7714, 64240
7715, 64240
7716, 64240
7717, 64240
7718, 64240
7719, 64240
7720, 64240
7722, 64240
7723, 64240
7724, 64240
7725, 62780
7726, 61320
7727, 59860
7728, 58400
7729, 56940
7730, 55480
7731, 54020
7732, 52560
7733, 51100
7734, 49640
7735, 48180
7736, 46720
7737, 45260
7738, 43800
7739, 42340
7740, 40880
7741, 39420
7742, 37960
7743, 36500
7744, 35040
7745, 33580
7746, 32120
7747, 30660
7748, 29200
7749, 27740
7750, 26280
7751, 24820
7753, 23360
7754, 21900
7755, 20440
7756, 18980
7757, 17520
7758, 16060
7759, 14600
7760, 13140
7761, 11680
7762, 10220
7763, 8760
7764, 7300
7765, 5840
7766, 4380
7767, 2920
7768, 1460
7769, 64240
7772, 64240
7773, 64240
7774, 64240
7775, 64240
7776, 64240
7777, 64240
7778, 64240
7779, 62780
7780, 61320
7781, 59860
7782, 58400
7783, 56940
7784, 55480
7785, 54020
7786, 52560
7787, 51100
7788, 49640
7789, 48180
7790, 46720
7791, 45260
7792, 43800
7794, 42340
7795, 40880
7796, 39420
7797, 37960
7798, 36500
7799, 35040
7800, 33580
7801, 32120
7802, 30660
7803, 29200
7804, 27740
7805, 26280
7806, 24820
7807, 23360
7808, 21900
7809, 20440
7810, 18980
7811, 17520
7812, 16060
7813, 14600
7814, 13140
7815, 11680
7816, 10220
7817, 8760
7818, 7300
7819, 5840
7820, 4380
7821, 2920
7822, 1460
7824, 0
7825, 0
7827, 64240
7830, 64240
7834, 62780
7835, 61320
7836, 59860
7837, 58400
7838, 56940
7839, 55480
7840, 54020
7841, 52560
7842, 51100
7843, 49640
7844, 48180
7845, 46720
7846, 45260
7847, 43800
7848, 42340
7849, 40880
7850, 39420
7851, 37960
7852, 36500
7853, 35040
7854, 33580
7855, 32120
7856, 30660
7857, 29200
7858, 27740
7859, 26280
7860, 24820
7861, 23360
7862, 21900
7863, 20440
7864, 18980
7865, 17520
7866, 16060
7867, 14600
7868, 13140
7869, 11680
7870, 10220
7871, 8760
7872, 7300
7873, 5840
7874, 4380
7875, 2920
7876, 1460
7877, 64240
7880, 64240
7882, 62780
7883, 61320
7884, 59860
7885, 58400
7886, 56940
7887, 55480
7888, 54020
7889, 52560
7890, 51100
7891, 49640
7892, 48180
7893, 46720
7894, 45260
7895, 43800
7896, 42340
7898, 40880
7899, 39420
7900, 37960
7901, 36500
7902, 35040
7903, 33580
7904, 32120
7905, 30660
7906, 29200
7907, 27740
7908, 26280
7909, 24820
7910, 23360
7911, 21900
7912, 20440
7913, 18980
7914, 17520
7915, 16060
7916, 14600
7917, 13140
7918, 11680
7919, 10220
7920, 8760
7921, 7300
7922, 5840
7923, 4380
7924, 2920
7925, 1460
7927, 0
7928, 0
7930, 62780
7933, 61320
7936, 59860
7938, 58400
7939, 56940
7940, 55480
7941, 54020
7942, 52560
7943, 51100
7944, 49640
7945, 48180
7946, 46720
7947, 45260
7948, 43800
7949, 42340
7950, 40880
7951, 39420
7952, 37960
7953, 36500
7954, 35040
7955, 33580
7956, 32120
7957, 30660
7958, 29200
7959, 27740
7960, 26280
7961, 24820
7962, 23360
7963, 21900
7964, 20440
7965, 18980
7966, 17520
7967, 16060
7968, 14600
7969, 13140
7970, 11680
7971, 10220
7972, 8760
7973, 7300
7974, 5840
7975, 4380
7976, 2920
7977, 1460
7978, 64240
7981, 64240
7982, 64240
7983, 64240
7984, 64240
7985, 62780
7986, 61320
7987, 59860
7988, 58400
7989, 56940
7991, 55480
7992, 54020
7993, 52560
7994, 51100
7995, 49640
7996, 48180
7997, 46720
7998, 45260
7999, 43800
8000, 42340
8001, 40880
8002, 39420
8003, 37960
8004, 36500
8005, 35040
8006, 33580
8007, 32120
8008, 30660
8009, 29200
8010, 27740
8011, 26280
8012, 24820
8013, 23360
8014, 21900
8015, 20440
8016, 18980
8017, 17520
8018, 16060
8019, 14600
8020, 13140
8021, 11680
8022, 10220
8023, 8760
8024, 7300
8025, 5840
8026, 4380
8027, 2920
8028, 1460
8029, 0
8032, 0
8033, 64240
8035, 64240
8036, 64240
8038, 64240
8039, 64240
8040, 64240
8042, 64240
8043, 64240
8044, 64240
8046, 64240
8047, 64240
8048, 64240
8050, 64240
8051, 64240
8052, 64240
8053, 64240
8055, 64240
8056, 64240
8057, 64240
8058, 64240
8059, 64240
8061, 64240
8062, 64240
8064, 64240
8065, 64240
8066, 64240
8067, 64240
8068, 64240
8069, 64240
8070, 64240
8071, 64240
8072, 64240
8074, 64240
8075, 64240
8076, 64240
8077, 64240
8078, 64240
8079, 64240
8080, 64240
8081, 64240
8083, 64240
8084, 64240
8086, 64240
8087, 64240
8088, 64240
8089, 64240
8090, 64240
8091, 64240
8092, 64240
8093, 64240
8094, 64240
8095, 64240
8096, 64240
8098, 64240
8099, 64240
8100, 64240
8101, 64240
8102, 64240
8103, 64240
8104, 64240
8105, 64240
8106, 64240
8107, 64240
8109, 64240
8110, 64240
8111, 64240
8112, 64240
8113, 64240
8114, 64240
8115, 64240
8116, 64240
8117, 64240
8118, 64240
8119, 64240
8121, 64240
8122, 64240
8123, 64240
8124, 64240
8125, 64240
8126, 64240
8127, 64240
8128, 64240
8129, 64240
8130, 64240
8132, 64240
8133, 64240
8134, 64240
8135, 64240
8136, 64240
8137, 64240
8138, 64240
8139, 64240
8140, 64240
8141, 64240
8142, 64240
8143, 64240
8145, 64240
8146, 64240
8147, 64240
8148, 64240
8149, 64240
8150, 64240
8151, 64240
8152, 64240
8153, 64240
8155, 64240
8156, 64240
8157, 64240
8158, 64240
8159, 64240
8160, 64240
8161, 64240
8162, 64240
8163, 64240
8164, 64240
8165, 64240
8166, 64240
8168, 64240
8169, 64240
8170, 64240
8171, 64240
8172, 64240
8173, 64240
8174, 64240
8175, 64240
8176, 64240
8178, 64240
8179, 64240
8180, 64240
8181, 64240
8182, 64240
8183, 64240
8184, 62780
8185, 61320
8186, 59860
8187, 58400
8188, 56940
8189, 55480
8190, 54020
8191, 52560
8193, 51100
8194, 49640
8195, 48180
8196, 46720
8197, 45260
8198, 43800
8199, 42340
8200, 40880
8201, 39420
8202, 37960
8203, 36500
8204, 35040
8205, 33580
8206, 32120
8207, 30660
8208, 29200
8209, 27740
8210, 26280
8211, 24820
8212, 23360
8213, 21900
8214, 20440
8215, 18980
8216, 17520
8217, 16060
8218, 14600
8219, 13140
8220, 11680
8221, 10220
8222, 8760
8223, 7300
8224, 5840
8225, 4380
8226, 2920
8227, 1460
8229, 0
8230, 0
8232, 64240
8235, 64240
8240, 64240
8241, 64240
8242, 64240
8243, 64240
8244, 64240
8245, 64240
8246, 64240
8247, 64240
8248, 64240
8249, 64240
8250, 62780
8251, 61320
8253, 59860
8254, 58400
8255, 56940
8256, 55480
8257, 54020
8258, 52560
8259, 51100
8260, 49640
8261, 48180
8262, 46720
8263, 45260
8264, 43800
8265, 42340
8266, 40880
8267, 39420
8268, 37960
8269, 36500
8270, 35040
8271, 33580
8272, 32120
8273, 30660
8274, 29200
8275, 27740
8276, 26280
8278, 24820
8279, 23360
8280, 21900
8281, 20440
8282, 18980
8283, 17520
8284, 16060
8285, 14600
8286, 13140
8287, 11680
8288, 10220
8289, 8760
8290, 7300
8291, 5840
8292, 4380
8293, 2920
8294, 1460
8295, 64240
8298, 64240
8300, 64240
8301, 62780
8302, 61320
8303, 59860
8304, 58400
8305, 56940
8306, 55480
8307, 54020
8308, 52560
8309, 51100
8310, 49640
8311, 48180
8312, 46720
8313, 45260
8314, 43800
8315, 42340
8316, 40880
8317, 39420
8318, 37960
8319, 36500
8320, 35040
8321, 33580
8322, 32120
8323, 30660
8324, 29200
8325, 27740
8326, 26280
8327, 24820
8328, 23360
8329, 21900
8330, 20440
8331, 18980
8332, 17520
8333, 16060
8334, 14600
8335, 13140
8336, 11680
8337, 10220
8338, 8760
8340, 7300
8341, 5840
8342, 4380
8343, 2920
8344, 1460
8345, 0
8348, 0
8350, 0
8351, 64240
8354, 64240
8355, 64240
8356, 64240
8357, 64240
8358, 64240
8359, 64240
8360, 64240
8361, 64240
8362, 64240
8363, 64240
8364, 64240
8365, 64240
8366, 64240
8367, 64240
8368, 64240
8369, 64240
8370, 64240
8371, 64240
8372, 64240
8373, 64240
8374, 64239
